-- MySQL dump 10.13  Distrib 5.7.17, for macos10.12 (x86_64)
--
-- Host: localhost    Database: DataWarehouse
-- ------------------------------------------------------
-- Server version	8.0.13

/*!40101 SET @OLD_CHARACTER_SET_CLIENT=@@CHARACTER_SET_CLIENT */;
/*!40101 SET @OLD_CHARACTER_SET_RESULTS=@@CHARACTER_SET_RESULTS */;
/*!40101 SET @OLD_COLLATION_CONNECTION=@@COLLATION_CONNECTION */;
/*!40101 SET NAMES utf8 */;
/*!40103 SET @OLD_TIME_ZONE=@@TIME_ZONE */;
/*!40103 SET TIME_ZONE='+00:00' */;
/*!40014 SET @OLD_UNIQUE_CHECKS=@@UNIQUE_CHECKS, UNIQUE_CHECKS=0 */;
/*!40014 SET @OLD_FOREIGN_KEY_CHECKS=@@FOREIGN_KEY_CHECKS, FOREIGN_KEY_CHECKS=0 */;
/*!40101 SET @OLD_SQL_MODE=@@SQL_MODE, SQL_MODE='NO_AUTO_VALUE_ON_ZERO' */;
/*!40111 SET @OLD_SQL_NOTES=@@SQL_NOTES, SQL_NOTES=0 */;

--
-- Table structure for table `dim_anio`
--

DROP TABLE IF EXISTS `dim_anio`;
/*!40101 SET @saved_cs_client     = @@character_set_client */;
/*!40101 SET character_set_client = utf8 */;
CREATE TABLE `dim_anio` (
  `id_anio` int(11) NOT NULL AUTO_INCREMENT,
  `nro_anio` int(11) NOT NULL,
  `nombre_abreviado` varchar(30) NOT NULL,
  PRIMARY KEY (`id_anio`)
) ENGINE=InnoDB AUTO_INCREMENT=4 DEFAULT CHARSET=utf8mb4 COLLATE=utf8mb4_0900_ai_ci;
/*!40101 SET character_set_client = @saved_cs_client */;

--
-- Dumping data for table `dim_anio`
--

LOCK TABLES `dim_anio` WRITE;
/*!40000 ALTER TABLE `dim_anio` DISABLE KEYS */;
INSERT INTO `dim_anio` VALUES (1,1996,'96'),(2,1997,'97'),(3,1998,'98');
/*!40000 ALTER TABLE `dim_anio` ENABLE KEYS */;
UNLOCK TABLES;

--
-- Table structure for table `dim_cargo`
--

DROP TABLE IF EXISTS `dim_cargo`;
/*!40101 SET @saved_cs_client     = @@character_set_client */;
/*!40101 SET character_set_client = utf8 */;
CREATE TABLE `dim_cargo` (
  `id_cargo` int(11) NOT NULL AUTO_INCREMENT,
  `nombre_cargo` varchar(64) DEFAULT NULL,
  PRIMARY KEY (`id_cargo`)
) ENGINE=InnoDB AUTO_INCREMENT=5 DEFAULT CHARSET=utf8mb4 COLLATE=utf8mb4_0900_ai_ci;
/*!40101 SET character_set_client = @saved_cs_client */;

--
-- Dumping data for table `dim_cargo`
--

LOCK TABLES `dim_cargo` WRITE;
/*!40000 ALTER TABLE `dim_cargo` DISABLE KEYS */;
INSERT INTO `dim_cargo` VALUES (1,'Representante de ventas'),(2,'Vicepresidente comercial'),(3,'Gerente de ventas'),(4,'Coordinador ventas interno');
/*!40000 ALTER TABLE `dim_cargo` ENABLE KEYS */;
UNLOCK TABLES;

--
-- Table structure for table `dim_categoria`
--

DROP TABLE IF EXISTS `dim_categoria`;
/*!40101 SET @saved_cs_client     = @@character_set_client */;
/*!40101 SET character_set_client = utf8 */;
CREATE TABLE `dim_categoria` (
  `id_categoria` int(11) NOT NULL AUTO_INCREMENT,
  `codigo_categoria` int(11) NOT NULL,
  `nombre_categoria` varchar(128) DEFAULT NULL,
  `descripcion` varchar(512) DEFAULT NULL,
  `imagen` longblob,
  PRIMARY KEY (`id_categoria`)
) ENGINE=InnoDB AUTO_INCREMENT=9 DEFAULT CHARSET=utf8mb4 COLLATE=utf8mb4_0900_ai_ci;
/*!40101 SET character_set_client = @saved_cs_client */;

--
-- Dumping data for table `dim_categoria`
--

LOCK TABLES `dim_categoria` WRITE;
/*!40000 ALTER TABLE `dim_categoria` DISABLE KEYS */;
INSERT INTO `dim_categoria` VALUES (1,1,'Bebidas','Gaseosas, café, té, cervezas y maltas',NULL),(2,2,'Condimentos','Salsas dulces y picantes, delicias, comida para untar y aderezos',NULL),(3,3,'Repostería','Postres, dulces y pan dulce',NULL),(4,4,'Lácteos','Quesos',NULL),(5,5,'Granos/Cereales','Pan, galletas, pasta y cereales',NULL),(6,6,'Carnes','Carnes preparadas',NULL),(7,7,'Frutas/Verduras','Frutas secas y queso de soja',NULL),(8,8,'Pescado/Marisco','Pescados, mariscos y algas',NULL);
/*!40000 ALTER TABLE `dim_categoria` ENABLE KEYS */;
UNLOCK TABLES;

--
-- Table structure for table `dim_ciudad`
--

DROP TABLE IF EXISTS `dim_ciudad`;
/*!40101 SET @saved_cs_client     = @@character_set_client */;
/*!40101 SET character_set_client = utf8 */;
CREATE TABLE `dim_ciudad` (
  `id_ciudad` int(11) NOT NULL AUTO_INCREMENT,
  `id_pais` int(11) DEFAULT NULL,
  `nombre_ciudad` varchar(64) DEFAULT NULL,
  `region` varchar(64) DEFAULT NULL,
  PRIMARY KEY (`id_ciudad`)
) ENGINE=InnoDB AUTO_INCREMENT=95 DEFAULT CHARSET=utf8mb4 COLLATE=utf8mb4_0900_ai_ci;
/*!40101 SET character_set_client = @saved_cs_client */;

--
-- Dumping data for table `dim_ciudad`
--

LOCK TABLES `dim_ciudad` WRITE;
/*!40000 ALTER TABLE `dim_ciudad` DISABLE KEYS */;
INSERT INTO `dim_ciudad` VALUES (1,1,'Aachen',''),(2,10,'Albuquerque','NM'),(3,10,'Anchorage','AK'),(4,10,'Ann Arbor','MI'),(5,12,'Annecy',''),(6,8,'Århus',''),(7,9,'Barcelona',''),(8,25,'Barquisimeto','Lara'),(9,10,'Bend','OR'),(10,15,'Bérgamo',''),(11,1,'Berlín',''),(12,24,'Berna',''),(13,10,'Boise','ID'),(14,10,'Boston','MA'),(15,23,'Bräcke',''),(16,1,'Brandenburgo',''),(17,5,'Bruselas',''),(18,2,'Buenos Aires',''),(19,10,'Butte','MT'),(20,6,'Campinas','SP'),(21,25,'Caracas','DF'),(22,5,'Charleroi',''),(23,14,'Cork','Co. Cork'),(24,21,'Cowes','Isla de Wight'),(25,1,'Cunewalde',''),(26,1,'Cuxhaven',''),(27,10,'Elgin','OR'),(28,12,'Estrasburgo',''),(29,10,'Eugenia','OR'),(30,1,'Frankfurt',''),(31,24,'Génova',''),(32,23,'Göteborg',''),(33,4,'Graz',''),(34,11,'Helsinki',''),(35,25,'I. de Margarita','Nueva Esparta'),(36,10,'Kirkland','WA'),(37,8,'København',''),(38,1,'Köln',''),(39,10,'Lander','WY'),(40,11,'Lappeenranta',''),(41,1,'Leipzig',''),(42,12,'Lille',''),(43,12,'Lion',''),(44,20,'Lisboa',''),(45,21,'Londres',''),(46,23,'Luleå',''),(47,8,'Lyngby',''),(48,9,'Madrid',''),(49,21,'Manchester',''),(50,1,'Mannheim',''),(51,12,'Marsella',''),(52,3,'Melbourne','Victoria'),(53,17,'México D.F.',''),(54,12,'Montceau',''),(55,7,'Montreal','Québec'),(56,1,'München',''),(57,1,'Münster',''),(58,12,'Nantes',''),(59,10,'New Orleans','LA'),(60,16,'Osaka',''),(61,11,'Oulu',''),(62,9,'Oviedo','Asturias'),(63,12,'París',''),(64,10,'Portland','OR'),(65,15,'Ravenna',''),(66,10,'Redmond','WA'),(67,15,'Reggio Emilia',''),(68,12,'Reims',''),(69,6,'Resende','SP'),(70,6,'Rio de Janeiro','RJ'),(71,15,'Salerno',''),(72,4,'Salzburgo',''),(73,25,'San Cristóbal','Táchira'),(74,10,'San Francisco','CA'),(75,18,'Sandvika',''),(76,6,'São Paulo','SP'),(77,10,'Seattle','WA'),(78,9,'Sevilla',''),(79,22,'Singapore',''),(80,18,'Stavern',''),(81,7,'Ste-Hyacinthe','Québec'),(82,23,'Stockholm',''),(83,1,'Stuttgart',''),(84,3,'Sydney','NSW'),(85,10,'Tacoma','WA'),(86,16,'Tokyo',''),(87,15,'Torino',''),(88,12,'Toulouse',''),(89,7,'Tsawassen','BC'),(90,7,'Vancouver','BC'),(91,12,'Versalles',''),(92,10,'Walla Walla','WA'),(93,19,'Warszawa',''),(94,13,'Zaandam','');
/*!40000 ALTER TABLE `dim_ciudad` ENABLE KEYS */;
UNLOCK TABLES;

--
-- Table structure for table `dim_cliente`
--

DROP TABLE IF EXISTS `dim_cliente`;
/*!40101 SET @saved_cs_client     = @@character_set_client */;
/*!40101 SET character_set_client = utf8 */;
CREATE TABLE `dim_cliente` (
  `id_cliente` int(11) NOT NULL AUTO_INCREMENT,
  `id_ciudad_cliente` int(11) NOT NULL,
  `codigo_cliente` varchar(64) DEFAULT NULL,
  `nombre_cliente` varchar(128) DEFAULT NULL,
  `nombre_contacto` varchar(128) DEFAULT NULL,
  `cargo_contacto` varchar(128) DEFAULT NULL,
  `telefono` varchar(64) DEFAULT NULL,
  `fax` varchar(64) DEFAULT NULL,
  `direccion` varchar(256) DEFAULT NULL,
  `codigo_postal` varchar(64) DEFAULT NULL,
  PRIMARY KEY (`id_cliente`)
) ENGINE=InnoDB AUTO_INCREMENT=92 DEFAULT CHARSET=utf8mb4 COLLATE=utf8mb4_0900_ai_ci;
/*!40101 SET character_set_client = @saved_cs_client */;

--
-- Dumping data for table `dim_cliente`
--

LOCK TABLES `dim_cliente` WRITE;
/*!40000 ALTER TABLE `dim_cliente` DISABLE KEYS */;
INSERT INTO `dim_cliente` VALUES (1,11,'ALFKI','Alfreds Futterkiste','Maria Anders','Representante de ventas','030-0074321','030-0076545','Obere Str. 57','12209'),(2,53,'ANATR','Ana Trujillo Emparedados y helados','Ana Trujillo','Propietario','(5) 555-4729','(5) 555-3745','Avda. de la Constitución 2222','05021'),(3,53,'ANTON','Antonio Moreno Taquería','Antonio Moreno','Propietario','(5) 555-3932',NULL,'Mataderos  2312','05023'),(4,45,'AROUT','Around the Horn','Thomas Hardy','Representante de ventas','(71) 555-7788','(71) 555-6750','120 Hanover Sq.','WA1 1DP'),(5,46,'BERGS','Berglunds snabbköp','Christina Berglund','Administrador de pedidos','0921-12 34 65','0921-12 34 67','Berguvsvägen  8','S-958 22'),(6,50,'BLAUS','Blauer See Delikatessen','Hanna Moos','Representante de ventas','0621-08460','0621-08924','Forsterstr. 57','68306'),(7,28,'BLONP','Blondel père et fils','Frédérique Citeaux','Gerente de marketing','88.60.15.31','88.60.15.32','24, place Kléber','67000'),(8,48,'BOLID','Bólido Comidas preparadas','Martín Sommer','Propietario','(91) 555 22 82','(91) 555 91 99','C/ Araquil, 67','28023'),(9,51,'BONAP','Bon app\'','Laurence Lebihan','Propietario','91.24.45.40','91.24.45.41','12, rue des Bouchers','13008'),(10,89,'BOTTM','Bottom-Dollar Markets','Elizabeth Lincoln','Gerente de contabilidad','(604) 555-4729','(604) 555-3745','23 Tsawassen Blvd.','T2F 8M4'),(11,45,'BSBEV','B\'s Beverages','Victoria Ashworth','Representante de ventas','(71) 555-1212',NULL,'Fauntleroy Circus','EC2 5NT'),(12,18,'CACTU','Cactus Comidas para llevar','Patricio Simpson','Agente de ventas','(1) 135-5555','(1) 135-4892','Cerrito 333','1010'),(13,53,'CENTC','Centro comercial Moctezuma','Francisco Chang','Gerente de marketing','(5) 555-3392','(5) 555-7293','Sierras de Granada 9993','05022'),(14,12,'CHOPS','Chop-suey Chinese','Yang Wang','Propietario','0452-076545',NULL,'Hauptstr. 29','3012'),(15,76,'COMMI','Comércio Mineiro','Pedro Afonso','Asistente de ventas','(11) 555-7647',NULL,'Av. dos Lusíadas, 23','05432-043'),(16,45,'CONSH','Consolidated Holdings','Elizabeth Brown','Representante de ventas','(71) 555-2282','(71) 555-9199','Berkeley Gardens\r\n12  Brewery ','WX1 6LT'),(17,1,'DRACD','Drachenblut Delikatessen','Sven Ottlieb','Administrador de pedidos','0241-039123','0241-059428','Walserweg 21','52066'),(18,58,'DUMON','Du monde entier','Janine Labrune','Propietario','40.67.88.88','40.67.89.89','67, rue des Cinquante Otages','44000'),(19,45,'EASTC','Eastern Connection','Ann Devon','Agente de ventas','(71) 555-0297','(71) 555-3373','35 King George','WX3 6FW'),(20,33,'ERNSH','Ernst Handel','Roland Mendel','Gerente de ventas','7675-3425','7675-3426','Kirchgasse 6','8010'),(21,0,'FAMIA','Familia Arquibaldo','Aria Cruz','Asistente de marketing','(11) 555-9857',NULL,'Rua Orós, 92','05442-030'),(22,48,'FISSA','FISSA Fabrica Inter. Salchichas S.A.','Diego Roel','Gerente de contabilidad','(91) 555 94 44','(91) 555 55 93','C/ Moralzarzal, 86','28034'),(23,42,'FOLIG','Folies gourmandes','Martine Rancé','Asistente de agente de ventas','20.16.10.16','20.16.10.17','184, chaussée de Tournai','59000'),(24,15,'FOLKO','Folk och fä HB','Maria Larsson','Propietario','0695-34 67 21',NULL,'Åkergatan 24','S-844 67'),(25,56,'FRANK','Frankenversand','Peter Franken','Gerente de marketing','089-0877310','089-0877451','Berliner Platz 43','80805'),(26,58,'FRANR','France restauration','Carine Schmitt','Gerente de marketing','40.32.21.21','40.32.21.20','54, rue Royale','44000'),(27,87,'FRANS','Franchi S.p.A.','Paolo Accorti','Representante de ventas','011-4988260','011-4988261','Via Monte Bianco 34','10100'),(28,44,'FURIB','Furia Bacalhau e Frutos do Mar','Lino Rodriguez ','Gerente de ventas','(1) 354-2534','(1) 354-2535','Jardim das rosas n. 32','1675'),(29,7,'GALED','Galería del gastrónomo','Eduardo Saavedra','Gerente de marketing','(93) 203 4560','(93) 203 4561','Rambla de Cataluña, 23','08022'),(30,78,'GODOS','Godos Cocina Típica','José Pedro Freyre','Gerente de ventas','(95) 555 82 82',NULL,'C/ Romero, 33','41101'),(31,20,'GOURL','Gourmet Lanchonetes','André Fonseca','Asistente de ventas','(11) 555-9482',NULL,'Av. Brasil, 442','04876-786'),(32,29,'GREAL','Great Lakes Food Market','Howard Snyder','Gerente de marketing','(503) 555-7555',NULL,'2732 Baker Blvd.','97403'),(33,21,'GROSR','GROSELLA-Restaurante','Manuel Pereira','Propietario','(2) 283-2951','(2) 283-3397','5ª Ave. Los Palos Grandes','1081'),(34,70,'HANAR','Hanari Carnes','Mario Pontes','Gerente de contabilidad','(21) 555-0091','(21) 555-8765','Rua do Paço, 67','05454-876'),(35,73,'HILAA','HILARIÓN-Abastos','Carlos Hernández','Representante de ventas','(5) 555-1340','(5) 555-1948','Carrera 22 con Ave. Carlos Soublette #8-35','5022'),(36,27,'HUNGC','Hungry Coyote Import Store','Yoshi Latimer','Representante de ventas','(503) 555-6874','(503) 555-2376','City Center Plaza\r\n516 Main St.','97827'),(37,23,'HUNGO','Hungry Owl All-Night Grocers','Patricia McKenna','Asistente de ventas','2967 542','2967 3333','8 Johnstown Road',NULL),(38,24,'ISLAT','Island Trading','Helen Bennett','Gerente de marketing','(198) 555-8888',NULL,'Garden House\r\nCrowther Way','PO31 7PJ'),(39,16,'KOENE','Königlich Essen','Philip Cramer','Asistente de ventas','0555-09876',NULL,'Maubelstr. 90','14776'),(40,91,'LACOR','La corne d\'abondance','Daniel Tonini','Representante de ventas','30.59.84.10','30.59.85.11','67, avenue de l\'Europe','78000'),(41,88,'LAMAI','La maison d\'Asie','Annette Roulet','Gerente de ventas','61.77.61.10','61.77.61.11','1 rue Alsace-Lorraine','31000'),(42,90,'LAUGB','Laughing Bacchus Wine Cellars','Yoshi Tannamuri','Asistente de marketing','(604) 555-3392','(604) 555-7293','1900 Oak St.','V3F 2K1'),(43,92,'LAZYK','Lazy K Kountry Store','John Steel','Gerente de marketing','(509) 555-7969','(509) 555-6221','12 Orchestra Terrace','99362'),(44,0,'LEHMS','Lehmanns Marktstand','Renate Messner','Representante de ventas','069-0245984','069-0245874','Magazinweg 7','60528'),(45,74,'LETSS','Let\'s Stop N Shop','Jaime Yorres','Propietario','(415) 555-5938',NULL,'87 Polk St.\r\nSuite 5','94117'),(46,8,'LILAS','LILA-Supermercado','Carlos González','Gerente de contabilidad','(9) 331-6954','(9) 331-7256','Carrera 52 con Ave. Bolívar #65-98 Llano Largo','3508'),(47,35,'LINOD','LINO-Delicateses','Felipe Izquierdo','Propietario','(8) 34-56-12','(8) 34-93-93','Ave. 5 de Mayo Porlamar','4980'),(48,64,'LONEP','Lonesome Pine Restaurant','Fran Wilson','Gerente de ventas','(503) 555-9573','(503) 555-9646','89 Chiaroscuro Rd.','97219'),(49,10,'MAGAA','Magazzini Alimentari Riuniti','Giovanni Rovelli','Gerente de marketing','035-640230','035-640231','Via Ludovico il Moro 22','24100'),(50,17,'MAISD','Maison Dewey','Catherine Dewey','Agente de ventas','(02) 201 24 67','(02) 201 24 68','Rue Joseph-Bens 532','B-1180'),(51,55,'MEREP','Mère Paillarde','Jean Fresnière','Asistente de marketing','(514) 555-8054','(514) 555-8055','43 rue St. Laurent','H1J 1C3'),(52,41,'MORGK','Morgenstern Gesundkost','Alexander Feuer','Asistente de marketing','0342-023176',NULL,'Heerstr. 22','04179'),(53,45,'NORTS','North/South','Simon Crowther','Asistente de ventas','(71) 555-7733','(71) 555-2530','South House\r\n300 Queensbridge','SW7 1RZ'),(54,18,'OCEAN','Océano Atlántico Ltda.','Yvonne Moncada','Agente de ventas','(1) 135-5333','(1) 135-5535','Ing. Gustavo Moncada 8585\r\nPiso 20-A','1010'),(55,3,'OLDWO','Old World Delicatessen','Rene Phillips','Representante de ventas','(907) 555-7584','(907) 555-2880','2743 Bering St.','99508'),(56,38,'OTTIK','Ottilies Käseladen','Henriette Pfalzheim','Propietario','0221-0644327','0221-0765721','Mehrheimerstr. 369','50739'),(57,63,'PARIS','Paris spécialités','Marie Bertrand','Propietario','(1) 42.34.22.66','(1) 42.34.22.77','265, boulevard Charonne','75012'),(58,53,'PERIC','Pericles Comidas clásicas','Guillermo Fernández','Representante de ventas','(5) 552-3745','(5) 545-3745','Calle Dr. Jorge Cash 321','05033'),(59,72,'PICCO','Piccolo und mehr','Georg Pipps','Gerente de ventas','6562-9722','6562-9723','Geislweg 14','5020'),(60,44,'PRINI','Princesa Isabel Vinhos','Isabel de Castro','Representante de ventas','(1) 356-5634',NULL,'Estrada da saúde n. 58','1756'),(61,70,'QUEDE','Que Delícia','Bernardo Batista','Gerente de contabilidad','(21) 555-4252','(21) 555-4545','Rua da Panificadora, 12','02389-673'),(62,0,'QUEEN','Queen Cozinha','Lúcia Carvalho','Asistente de marketing','(11) 555-1189',NULL,'Alameda dos Canàrios, 891','05487-020'),(63,25,'QUICK','QUICK-Stop','Horst Kloss','Gerente de contabilidad','0372-035188',NULL,'Taucherstraße 10','01307'),(64,18,'RANCH','Rancho grande','Sergio Gutiérrez','Representante de ventas','(1) 123-5555','(1) 123-5556','Av. del Libertador 900','1010'),(65,2,'RATTC','Rattlesnake Canyon Grocery','Paula Wilson','Representante agente ventas','(505) 555-5939','(505) 555-3620','2817 Milton Dr.','87110'),(66,67,'REGGC','Reggiani Caseifici','Maurizio Moroni','Asistente de ventas','0522-556721','0522-556722','Strada Provinciale 124','42100'),(67,70,'RICAR','Ricardo Adocicados','Janete Limeira','Asistente de agente de ventas','(21) 555-3412',NULL,'Av. Copacabana, 267','02389-890'),(68,31,'RICSU','Richter Supermarkt','Michael Holz','Gerente de ventas','0897-034214',NULL,'Grenzacherweg 237','1203'),(69,48,'ROMEY','Romero y tomillo','Alejandra Camino','Gerente de contabilidad','(91) 745 6200','(91) 745 6210','Gran Vía, 1','28001'),(70,80,'SANTG','Santé Gourmet','Jonas Bergulfsen','Propietario','07-98 92 35','07-98 92 47','Erling Skakkes gate 78','4110'),(71,13,'SAVEA','Save-a-lot Markets','Jose Pavarotti','Representante de ventas','(208) 555-8097',NULL,'187 Suffolk Ln.','83720'),(72,45,'SEVES','Seven Seas Imports','Hari Kumar','Gerente de ventas','(71) 555-1717','(71) 555-5646','90 Wadhurst Rd.','OX15 4NB'),(73,37,'SIMOB','Simons bistro','Jytte Petersen','Propietario','31 12 34 56','31 13 35 57','Vinbæltet 34','1734'),(74,63,'SPECD','Spécialités du monde','Dominique Perrier','Gerente de marketing','(1) 47.55.60.10','(1) 47.55.60.20','25, rue Lauriston','75016'),(75,39,'SPLIR','Split Rail Beer & Ale','Art Braunschweiger','Gerente de ventas','(307) 555-4680','(307) 555-6525','P.O. Box 555','82520'),(76,22,'SUPRD','Suprêmes délices','Pascale Cartrain','Gerente de contabilidad','(071) 23 67 22 20','(071) 23 67 22 21','Boulevard Tirou, 255','B-6000'),(77,64,'THEBI','The Big Cheese','Liz Nixon','Gerente de marketing','(503) 555-3612',NULL,'89 Jefferson Way\r\nSuite 2','97201'),(78,19,'THECR','The Cracker Box','Liu Wong','Asistente de marketing','(406) 555-5834','(406) 555-8083','55 Grizzly Peak Rd.','59801'),(79,57,'TOMSP','Toms Spezialitäten','Karin Josephs','Gerente de marketing','0251-031259','0251-035695','Luisenstr. 48','44087'),(80,53,'TORTU','Tortuga Restaurante','Miguel Angel Paolino','Propietario','(5) 555-2933',NULL,'Avda. Azteca 123','05033'),(81,0,'TRADH','Tradição Hipermercados','Anabela Domingues','Representante de ventas','(11) 555-2167','(11) 555-2168','Av. Inês de Castro, 414','05634-030'),(82,36,'TRAIH','Trail\'s Head Gourmet Provisioners','Helvetius Nagy','Asistente de ventas','(206) 555-8257','(206) 555-2174','722 DaVinci Blvd.','98034'),(83,6,'VAFFE','Vaffeljernet','Palle Ibsen','Gerente de ventas','86 21 32 43','86 22 33 44','Smagsløget 45','8200'),(84,43,'VICTE','Victuailles en stock','Mary Saveley','Agente de ventas','78.32.54.86','78.32.54.87','2, rue du Commerce','69004'),(85,68,'VINET','Vins et alcools Chevalier','Paul Henriot','Gerente de contabilidad','26.47.15.10','26.47.15.11','59 rue de l\'Abbaye','51100'),(86,83,'WANDK','Die Wandernde Kuh','Rita Müller','Representante de ventas','0711-020361','0711-035428','Adenauerallee 900','70563'),(87,61,'WARTH','Wartian Herkku','Pirkko Koskitalo','Gerente de contabilidad','981-443655','981-443655','Torikatu 38','90110'),(88,69,'WELLI','Wellington Importadora','Paula Parente','Gerente de ventas','(14) 555-8122',NULL,'Rua do Mercado, 12','08737-363'),(89,77,'WHITC','White Clover Markets','Karl Jablonski','Propietario','(206) 555-4112','(206) 555-4115','305 - 14th Ave. S.\r\nSuite 3B','98128'),(90,34,'WILMK','Wilman Kala','Matti Karttunen','Prop./Asistente marketing','90-224 8858','90-224 8858','Keskuskatu 45','21240'),(91,93,'WOLZA','Wolski  Zajazd','Zbyszek Piestrzeniewicz','Propietario','(26) 642-7012','(26) 642-7012','ul. Filtrowa 68','01-012');
/*!40000 ALTER TABLE `dim_cliente` ENABLE KEYS */;
UNLOCK TABLES;

--
-- Table structure for table `dim_companiaEnvios`
--

DROP TABLE IF EXISTS `dim_companiaEnvios`;
/*!40101 SET @saved_cs_client     = @@character_set_client */;
/*!40101 SET character_set_client = utf8 */;
CREATE TABLE `dim_companiaEnvios` (
  `id_compania_envios` int(11) NOT NULL AUTO_INCREMENT,
  `nombre_compania_envios` varchar(256) DEFAULT NULL,
  `telefono` varchar(64) DEFAULT NULL,
  PRIMARY KEY (`id_compania_envios`)
) ENGINE=InnoDB AUTO_INCREMENT=4 DEFAULT CHARSET=utf8mb4 COLLATE=utf8mb4_0900_ai_ci;
/*!40101 SET character_set_client = @saved_cs_client */;

--
-- Dumping data for table `dim_companiaEnvios`
--

LOCK TABLES `dim_companiaEnvios` WRITE;
/*!40000 ALTER TABLE `dim_companiaEnvios` DISABLE KEYS */;
INSERT INTO `dim_companiaEnvios` VALUES (1,'Speedy Express','(503) 555-9831'),(2,'United Package','(503) 555-3199'),(3,'Federal Shipping','(503) 555-9931');
/*!40000 ALTER TABLE `dim_companiaEnvios` ENABLE KEYS */;
UNLOCK TABLES;

--
-- Table structure for table `dim_dia`
--

DROP TABLE IF EXISTS `dim_dia`;
/*!40101 SET @saved_cs_client     = @@character_set_client */;
/*!40101 SET character_set_client = utf8 */;
CREATE TABLE `dim_dia` (
  `id_dia` int(11) NOT NULL AUTO_INCREMENT,
  `id_mes` int(11) NOT NULL,
  `nro_dia` int(11) NOT NULL,
  PRIMARY KEY (`id_dia`)
) ENGINE=InnoDB AUTO_INCREMENT=1097 DEFAULT CHARSET=utf8mb4 COLLATE=utf8mb4_0900_ai_ci;
/*!40101 SET character_set_client = @saved_cs_client */;

--
-- Dumping data for table `dim_dia`
--

LOCK TABLES `dim_dia` WRITE;
/*!40000 ALTER TABLE `dim_dia` DISABLE KEYS */;
INSERT INTO `dim_dia` VALUES (1,1,1),(2,1,2),(3,1,3),(4,1,4),(5,1,5),(6,1,6),(7,1,7),(8,1,8),(9,1,9),(10,1,10),(11,1,11),(12,1,12),(13,1,13),(14,1,14),(15,1,15),(16,1,16),(17,1,17),(18,1,18),(19,1,19),(20,1,20),(21,1,21),(22,1,22),(23,1,23),(24,1,24),(25,1,25),(26,1,26),(27,1,27),(28,1,28),(29,1,29),(30,1,30),(31,1,31),(32,2,1),(33,2,2),(34,2,3),(35,2,4),(36,2,5),(37,2,6),(38,2,7),(39,2,8),(40,2,9),(41,2,10),(42,2,11),(43,2,12),(44,2,13),(45,2,14),(46,2,15),(47,2,16),(48,2,17),(49,2,18),(50,2,19),(51,2,20),(52,2,21),(53,2,22),(54,2,23),(55,2,24),(56,2,25),(57,2,26),(58,2,27),(59,2,28),(60,2,29),(61,3,1),(62,3,2),(63,3,3),(64,3,4),(65,3,5),(66,3,6),(67,3,7),(68,3,8),(69,3,9),(70,3,10),(71,3,11),(72,3,12),(73,3,13),(74,3,14),(75,3,15),(76,3,16),(77,3,17),(78,3,18),(79,3,19),(80,3,20),(81,3,21),(82,3,22),(83,3,23),(84,3,24),(85,3,25),(86,3,26),(87,3,27),(88,3,28),(89,3,29),(90,3,30),(91,3,31),(92,4,1),(93,4,2),(94,4,3),(95,4,4),(96,4,5),(97,4,6),(98,4,7),(99,4,8),(100,4,9),(101,4,10),(102,4,11),(103,4,12),(104,4,13),(105,4,14),(106,4,15),(107,4,16),(108,4,17),(109,4,18),(110,4,19),(111,4,20),(112,4,21),(113,4,22),(114,4,23),(115,4,24),(116,4,25),(117,4,26),(118,4,27),(119,4,28),(120,4,29),(121,4,30),(122,5,1),(123,5,2),(124,5,3),(125,5,4),(126,5,5),(127,5,6),(128,5,7),(129,5,8),(130,5,9),(131,5,10),(132,5,11),(133,5,12),(134,5,13),(135,5,14),(136,5,15),(137,5,16),(138,5,17),(139,5,18),(140,5,19),(141,5,20),(142,5,21),(143,5,22),(144,5,23),(145,5,24),(146,5,25),(147,5,26),(148,5,27),(149,5,28),(150,5,29),(151,5,30),(152,5,31),(153,6,1),(154,6,2),(155,6,3),(156,6,4),(157,6,5),(158,6,6),(159,6,7),(160,6,8),(161,6,9),(162,6,10),(163,6,11),(164,6,12),(165,6,13),(166,6,14),(167,6,15),(168,6,16),(169,6,17),(170,6,18),(171,6,19),(172,6,20),(173,6,21),(174,6,22),(175,6,23),(176,6,24),(177,6,25),(178,6,26),(179,6,27),(180,6,28),(181,6,29),(182,6,30),(183,7,1),(184,7,2),(185,7,3),(186,7,4),(187,7,5),(188,7,6),(189,7,7),(190,7,8),(191,7,9),(192,7,10),(193,7,11),(194,7,12),(195,7,13),(196,7,14),(197,7,15),(198,7,16),(199,7,17),(200,7,18),(201,7,19),(202,7,20),(203,7,21),(204,7,22),(205,7,23),(206,7,24),(207,7,25),(208,7,26),(209,7,27),(210,7,28),(211,7,29),(212,7,30),(213,7,31),(214,8,1),(215,8,2),(216,8,3),(217,8,4),(218,8,5),(219,8,6),(220,8,7),(221,8,8),(222,8,9),(223,8,10),(224,8,11),(225,8,12),(226,8,13),(227,8,14),(228,8,15),(229,8,16),(230,8,17),(231,8,18),(232,8,19),(233,8,20),(234,8,21),(235,8,22),(236,8,23),(237,8,24),(238,8,25),(239,8,26),(240,8,27),(241,8,28),(242,8,29),(243,8,30),(244,8,31),(245,9,1),(246,9,2),(247,9,3),(248,9,4),(249,9,5),(250,9,6),(251,9,7),(252,9,8),(253,9,9),(254,9,10),(255,9,11),(256,9,12),(257,9,13),(258,9,14),(259,9,15),(260,9,16),(261,9,17),(262,9,18),(263,9,19),(264,9,20),(265,9,21),(266,9,22),(267,9,23),(268,9,24),(269,9,25),(270,9,26),(271,9,27),(272,9,28),(273,9,29),(274,9,30),(275,10,1),(276,10,2),(277,10,3),(278,10,4),(279,10,5),(280,10,6),(281,10,7),(282,10,8),(283,10,9),(284,10,10),(285,10,11),(286,10,12),(287,10,13),(288,10,14),(289,10,15),(290,10,16),(291,10,17),(292,10,18),(293,10,19),(294,10,20),(295,10,21),(296,10,22),(297,10,23),(298,10,24),(299,10,25),(300,10,26),(301,10,27),(302,10,28),(303,10,29),(304,10,30),(305,10,31),(306,11,1),(307,11,2),(308,11,3),(309,11,4),(310,11,5),(311,11,6),(312,11,7),(313,11,8),(314,11,9),(315,11,10),(316,11,11),(317,11,12),(318,11,13),(319,11,14),(320,11,15),(321,11,16),(322,11,17),(323,11,18),(324,11,19),(325,11,20),(326,11,21),(327,11,22),(328,11,23),(329,11,24),(330,11,25),(331,11,26),(332,11,27),(333,11,28),(334,11,29),(335,11,30),(336,12,1),(337,12,2),(338,12,3),(339,12,4),(340,12,5),(341,12,6),(342,12,7),(343,12,8),(344,12,9),(345,12,10),(346,12,11),(347,12,12),(348,12,13),(349,12,14),(350,12,15),(351,12,16),(352,12,17),(353,12,18),(354,12,19),(355,12,20),(356,12,21),(357,12,22),(358,12,23),(359,12,24),(360,12,25),(361,12,26),(362,12,27),(363,12,28),(364,12,29),(365,12,30),(366,12,31),(367,13,1),(368,13,2),(369,13,3),(370,13,4),(371,13,5),(372,13,6),(373,13,7),(374,13,8),(375,13,9),(376,13,10),(377,13,11),(378,13,12),(379,13,13),(380,13,14),(381,13,15),(382,13,16),(383,13,17),(384,13,18),(385,13,19),(386,13,20),(387,13,21),(388,13,22),(389,13,23),(390,13,24),(391,13,25),(392,13,26),(393,13,27),(394,13,28),(395,13,29),(396,13,30),(397,13,31),(398,14,1),(399,14,2),(400,14,3),(401,14,4),(402,14,5),(403,14,6),(404,14,7),(405,14,8),(406,14,9),(407,14,10),(408,14,11),(409,14,12),(410,14,13),(411,14,14),(412,14,15),(413,14,16),(414,14,17),(415,14,18),(416,14,19),(417,14,20),(418,14,21),(419,14,22),(420,14,23),(421,14,24),(422,14,25),(423,14,26),(424,14,27),(425,14,28),(426,15,1),(427,15,2),(428,15,3),(429,15,4),(430,15,5),(431,15,6),(432,15,7),(433,15,8),(434,15,9),(435,15,10),(436,15,11),(437,15,12),(438,15,13),(439,15,14),(440,15,15),(441,15,16),(442,15,17),(443,15,18),(444,15,19),(445,15,20),(446,15,21),(447,15,22),(448,15,23),(449,15,24),(450,15,25),(451,15,26),(452,15,27),(453,15,28),(454,15,29),(455,15,30),(456,15,31),(457,16,1),(458,16,2),(459,16,3),(460,16,4),(461,16,5),(462,16,6),(463,16,7),(464,16,8),(465,16,9),(466,16,10),(467,16,11),(468,16,12),(469,16,13),(470,16,14),(471,16,15),(472,16,16),(473,16,17),(474,16,18),(475,16,19),(476,16,20),(477,16,21),(478,16,22),(479,16,23),(480,16,24),(481,16,25),(482,16,26),(483,16,27),(484,16,28),(485,16,29),(486,16,30),(487,17,1),(488,17,2),(489,17,3),(490,17,4),(491,17,5),(492,17,6),(493,17,7),(494,17,8),(495,17,9),(496,17,10),(497,17,11),(498,17,12),(499,17,13),(500,17,14),(501,17,15),(502,17,16),(503,17,17),(504,17,18),(505,17,19),(506,17,20),(507,17,21),(508,17,22),(509,17,23),(510,17,24),(511,17,25),(512,17,26),(513,17,27),(514,17,28),(515,17,29),(516,17,30),(517,17,31),(518,18,1),(519,18,2),(520,18,3),(521,18,4),(522,18,5),(523,18,6),(524,18,7),(525,18,8),(526,18,9),(527,18,10),(528,18,11),(529,18,12),(530,18,13),(531,18,14),(532,18,15),(533,18,16),(534,18,17),(535,18,18),(536,18,19),(537,18,20),(538,18,21),(539,18,22),(540,18,23),(541,18,24),(542,18,25),(543,18,26),(544,18,27),(545,18,28),(546,18,29),(547,18,30),(548,19,1),(549,19,2),(550,19,3),(551,19,4),(552,19,5),(553,19,6),(554,19,7),(555,19,8),(556,19,9),(557,19,10),(558,19,11),(559,19,12),(560,19,13),(561,19,14),(562,19,15),(563,19,16),(564,19,17),(565,19,18),(566,19,19),(567,19,20),(568,19,21),(569,19,22),(570,19,23),(571,19,24),(572,19,25),(573,19,26),(574,19,27),(575,19,28),(576,19,29),(577,19,30),(578,19,31),(579,20,1),(580,20,2),(581,20,3),(582,20,4),(583,20,5),(584,20,6),(585,20,7),(586,20,8),(587,20,9),(588,20,10),(589,20,11),(590,20,12),(591,20,13),(592,20,14),(593,20,15),(594,20,16),(595,20,17),(596,20,18),(597,20,19),(598,20,20),(599,20,21),(600,20,22),(601,20,23),(602,20,24),(603,20,25),(604,20,26),(605,20,27),(606,20,28),(607,20,29),(608,20,30),(609,20,31),(610,21,1),(611,21,2),(612,21,3),(613,21,4),(614,21,5),(615,21,6),(616,21,7),(617,21,8),(618,21,9),(619,21,10),(620,21,11),(621,21,12),(622,21,13),(623,21,14),(624,21,15),(625,21,16),(626,21,17),(627,21,18),(628,21,19),(629,21,20),(630,21,21),(631,21,22),(632,21,23),(633,21,24),(634,21,25),(635,21,26),(636,21,27),(637,21,28),(638,21,29),(639,21,30),(640,22,1),(641,22,2),(642,22,3),(643,22,4),(644,22,5),(645,22,6),(646,22,7),(647,22,8),(648,22,9),(649,22,10),(650,22,11),(651,22,12),(652,22,13),(653,22,14),(654,22,15),(655,22,16),(656,22,17),(657,22,18),(658,22,19),(659,22,20),(660,22,21),(661,22,22),(662,22,23),(663,22,24),(664,22,25),(665,22,26),(666,22,27),(667,22,28),(668,22,29),(669,22,30),(670,22,31),(671,23,1),(672,23,2),(673,23,3),(674,23,4),(675,23,5),(676,23,6),(677,23,7),(678,23,8),(679,23,9),(680,23,10),(681,23,11),(682,23,12),(683,23,13),(684,23,14),(685,23,15),(686,23,16),(687,23,17),(688,23,18),(689,23,19),(690,23,20),(691,23,21),(692,23,22),(693,23,23),(694,23,24),(695,23,25),(696,23,26),(697,23,27),(698,23,28),(699,23,29),(700,23,30),(701,24,1),(702,24,2),(703,24,3),(704,24,4),(705,24,5),(706,24,6),(707,24,7),(708,24,8),(709,24,9),(710,24,10),(711,24,11),(712,24,12),(713,24,13),(714,24,14),(715,24,15),(716,24,16),(717,24,17),(718,24,18),(719,24,19),(720,24,20),(721,24,21),(722,24,22),(723,24,23),(724,24,24),(725,24,25),(726,24,26),(727,24,27),(728,24,28),(729,24,29),(730,24,30),(731,24,31),(732,25,1),(733,25,2),(734,25,3),(735,25,4),(736,25,5),(737,25,6),(738,25,7),(739,25,8),(740,25,9),(741,25,10),(742,25,11),(743,25,12),(744,25,13),(745,25,14),(746,25,15),(747,25,16),(748,25,17),(749,25,18),(750,25,19),(751,25,20),(752,25,21),(753,25,22),(754,25,23),(755,25,24),(756,25,25),(757,25,26),(758,25,27),(759,25,28),(760,25,29),(761,25,30),(762,25,31),(763,26,1),(764,26,2),(765,26,3),(766,26,4),(767,26,5),(768,26,6),(769,26,7),(770,26,8),(771,26,9),(772,26,10),(773,26,11),(774,26,12),(775,26,13),(776,26,14),(777,26,15),(778,26,16),(779,26,17),(780,26,18),(781,26,19),(782,26,20),(783,26,21),(784,26,22),(785,26,23),(786,26,24),(787,26,25),(788,26,26),(789,26,27),(790,26,28),(791,27,1),(792,27,2),(793,27,3),(794,27,4),(795,27,5),(796,27,6),(797,27,7),(798,27,8),(799,27,9),(800,27,10),(801,27,11),(802,27,12),(803,27,13),(804,27,14),(805,27,15),(806,27,16),(807,27,17),(808,27,18),(809,27,19),(810,27,20),(811,27,21),(812,27,22),(813,27,23),(814,27,24),(815,27,25),(816,27,26),(817,27,27),(818,27,28),(819,27,29),(820,27,30),(821,27,31),(822,28,1),(823,28,2),(824,28,3),(825,28,4),(826,28,5),(827,28,6),(828,28,7),(829,28,8),(830,28,9),(831,28,10),(832,28,11),(833,28,12),(834,28,13),(835,28,14),(836,28,15),(837,28,16),(838,28,17),(839,28,18),(840,28,19),(841,28,20),(842,28,21),(843,28,22),(844,28,23),(845,28,24),(846,28,25),(847,28,26),(848,28,27),(849,28,28),(850,28,29),(851,28,30),(852,29,1),(853,29,2),(854,29,3),(855,29,4),(856,29,5),(857,29,6),(858,29,7),(859,29,8),(860,29,9),(861,29,10),(862,29,11),(863,29,12),(864,29,13),(865,29,14),(866,29,15),(867,29,16),(868,29,17),(869,29,18),(870,29,19),(871,29,20),(872,29,21),(873,29,22),(874,29,23),(875,29,24),(876,29,25),(877,29,26),(878,29,27),(879,29,28),(880,29,29),(881,29,30),(882,29,31),(883,30,1),(884,30,2),(885,30,3),(886,30,4),(887,30,5),(888,30,6),(889,30,7),(890,30,8),(891,30,9),(892,30,10),(893,30,11),(894,30,12),(895,30,13),(896,30,14),(897,30,15),(898,30,16),(899,30,17),(900,30,18),(901,30,19),(902,30,20),(903,30,21),(904,30,22),(905,30,23),(906,30,24),(907,30,25),(908,30,26),(909,30,27),(910,30,28),(911,30,29),(912,30,30),(913,31,1),(914,31,2),(915,31,3),(916,31,4),(917,31,5),(918,31,6),(919,31,7),(920,31,8),(921,31,9),(922,31,10),(923,31,11),(924,31,12),(925,31,13),(926,31,14),(927,31,15),(928,31,16),(929,31,17),(930,31,18),(931,31,19),(932,31,20),(933,31,21),(934,31,22),(935,31,23),(936,31,24),(937,31,25),(938,31,26),(939,31,27),(940,31,28),(941,31,29),(942,31,30),(943,31,31),(944,32,1),(945,32,2),(946,32,3),(947,32,4),(948,32,5),(949,32,6),(950,32,7),(951,32,8),(952,32,9),(953,32,10),(954,32,11),(955,32,12),(956,32,13),(957,32,14),(958,32,15),(959,32,16),(960,32,17),(961,32,18),(962,32,19),(963,32,20),(964,32,21),(965,32,22),(966,32,23),(967,32,24),(968,32,25),(969,32,26),(970,32,27),(971,32,28),(972,32,29),(973,32,30),(974,32,31),(975,33,1),(976,33,2),(977,33,3),(978,33,4),(979,33,5),(980,33,6),(981,33,7),(982,33,8),(983,33,9),(984,33,10),(985,33,11),(986,33,12),(987,33,13),(988,33,14),(989,33,15),(990,33,16),(991,33,17),(992,33,18),(993,33,19),(994,33,20),(995,33,21),(996,33,22),(997,33,23),(998,33,24),(999,33,25),(1000,33,26),(1001,33,27),(1002,33,28),(1003,33,29),(1004,33,30),(1005,34,1),(1006,34,2),(1007,34,3),(1008,34,4),(1009,34,5),(1010,34,6),(1011,34,7),(1012,34,8),(1013,34,9),(1014,34,10),(1015,34,11),(1016,34,12),(1017,34,13),(1018,34,14),(1019,34,15),(1020,34,16),(1021,34,17),(1022,34,18),(1023,34,19),(1024,34,20),(1025,34,21),(1026,34,22),(1027,34,23),(1028,34,24),(1029,34,25),(1030,34,26),(1031,34,27),(1032,34,28),(1033,34,29),(1034,34,30),(1035,34,31),(1036,35,1),(1037,35,2),(1038,35,3),(1039,35,4),(1040,35,5),(1041,35,6),(1042,35,7),(1043,35,8),(1044,35,9),(1045,35,10),(1046,35,11),(1047,35,12),(1048,35,13),(1049,35,14),(1050,35,15),(1051,35,16),(1052,35,17),(1053,35,18),(1054,35,19),(1055,35,20),(1056,35,21),(1057,35,22),(1058,35,23),(1059,35,24),(1060,35,25),(1061,35,26),(1062,35,27),(1063,35,28),(1064,35,29),(1065,35,30),(1066,36,1),(1067,36,2),(1068,36,3),(1069,36,4),(1070,36,5),(1071,36,6),(1072,36,7),(1073,36,8),(1074,36,9),(1075,36,10),(1076,36,11),(1077,36,12),(1078,36,13),(1079,36,14),(1080,36,15),(1081,36,16),(1082,36,17),(1083,36,18),(1084,36,19),(1085,36,20),(1086,36,21),(1087,36,22),(1088,36,23),(1089,36,24),(1090,36,25),(1091,36,26),(1092,36,27),(1093,36,28),(1094,36,29),(1095,36,30),(1096,36,31);
/*!40000 ALTER TABLE `dim_dia` ENABLE KEYS */;
UNLOCK TABLES;

--
-- Table structure for table `dim_empleado`
--

DROP TABLE IF EXISTS `dim_empleado`;
/*!40101 SET @saved_cs_client     = @@character_set_client */;
/*!40101 SET character_set_client = utf8 */;
CREATE TABLE `dim_empleado` (
  `id_empleado` int(11) NOT NULL AUTO_INCREMENT,
  `id_cargo` int(11) NOT NULL,
  `id_tratamiento` int(11) NOT NULL,
  `id_ciudad` int(11) NOT NULL,
  `codigo_empleado` int(11) DEFAULT NULL,
  `apellido` varchar(64) DEFAULT NULL,
  `nombre` varchar(64) DEFAULT NULL,
  `fecha_nacimiento` datetime DEFAULT NULL,
  `fecha_contratacion` datetime DEFAULT NULL,
  `direccion` varchar(250) DEFAULT NULL,
  `codigo_postal` varchar(64) DEFAULT NULL,
  `telefono_domicilio` varchar(64) DEFAULT NULL,
  `extension` varchar(32) DEFAULT NULL,
  `foto` text,
  `nota` varchar(512) DEFAULT NULL,
  `jefe` int(11) DEFAULT NULL,
  PRIMARY KEY (`id_empleado`)
) ENGINE=InnoDB AUTO_INCREMENT=10 DEFAULT CHARSET=utf8mb4 COLLATE=utf8mb4_0900_ai_ci;
/*!40101 SET character_set_client = @saved_cs_client */;

--
-- Dumping data for table `dim_empleado`
--

LOCK TABLES `dim_empleado` WRITE;
/*!40000 ALTER TABLE `dim_empleado` DISABLE KEYS */;
INSERT INTO `dim_empleado` VALUES (1,1,1,77,1,'Davolio','Nancy','1968-12-08 00:00:00','1992-05-01 00:00:00','507 - 20th Ave. E.\r\nApt. 2A','98122','(206) 555-9857','5467','EMPID1.BMP','Su formación incluye una licenciatura en Psicología por la Universidad del Estado de Colorado. También escribió \"El arte de la llamada en frío\". Nancy es miembro de Toastmasters International.',2),(2,2,2,85,2,'Fuller','Andrew','1952-02-19 00:00:00','1992-08-14 00:00:00','908 W. Capital Way','98401','(206) 555-9482','3457','EMPID2.BMP','Andrew completó su licenciatura en Comercio y un doctorado en Marketing Internacional de la Universidad de Dallas. Habla con fluidez en francés e italiano y lee el alemán. Ingresó en la empresa como representante de ventas, fue ascendido a gerente de cuentas y después fue nombrado vicepresidente comercial.\r\nAndrew es miembro de la Mesa redonda de administración de Ventas, la Cámara de comercio de Seattle y de la Asociación de importadores de la Cuenca del Pacífico.',NULL),(3,1,1,36,3,'Leverling','Janet','1963-08-30 00:00:00','1992-04-01 00:00:00','722 Moss Bay Blvd.','98033','(206) 555-3412','3355','EMPID3.BMP','Janet es licenciada en Química por la Universidad de Boston. También ha completado un programa de formación en Gestión de minoristas de alimentación. Janet fue contratada como vendedora asociada y fue ascendida a representante de ventas.',2),(4,1,3,66,4,'Peacock','Margaret','1958-09-19 00:00:00','1993-05-03 00:00:00','4110 Old Redmond Rd.','98052','(206) 555-8122','5176','EMPID4.BMP','Margaret es licenciada en Literatura inglesa por el Colegio Universitario Concordia, y tiene un máster del Instituto Americano de Artes Culinarias. Estuvo asignada temporalmente a la oficina de Londres antes de regresar a su puesto permanente en Seattle.',2),(5,3,4,45,5,'Buchanan','Steven','1955-03-04 00:00:00','1993-10-17 00:00:00','14 Garrett Hill','SW1 8JR','(71) 555-4848','3453','EMPID5.BMP','Steven Buchanan se graduó en la Universidad de St. Andrews, Escocia. Tras su ingreso en la empresa dedicó 6 meses a un programa de orientación en la oficina de Seattle y luego volvió a su puesto permanente en Londres, donde fue ascendido a gerente de ventas. Completó con éxito los cursos de Telemarketing y Gestión de ventas internacional. Habla francés.',2),(6,1,4,45,6,'Suyama','Michael','1963-07-02 00:00:00','1993-10-17 00:00:00','Coventry House\r\nMiner Rd.','EC2 7JR','(71) 555-7773','428','EMPID6.BMP','Michael se graduó en la Universidad de Sussex (MA, economía) y la Universidad de California en Los Angeles (MBA, marketing). También ha asistido a cursos de Ventas multiculturales y Administración del tiempo para profesionales de ventas. Habla\r\njaponés y lee y escribe en francés, portugués y español.',5),(7,1,4,45,7,'King','Robert','1960-05-29 00:00:00','1994-01-02 00:00:00','Edgeham Hollow\r\nWinchester Way','RG1 9SP','(71) 555-5598','465','EMPID7.BMP','Robert King colaboró en la organización Peace Corps y viajó extensamente antes de completar su licenciatura en inglés en la Universidad de Michigan, el año en que ingresó en la empresa. Después de completar un curso denominado \"Ventas en Europa\", fue\r\ntransferido a la oficina de Londres.',5),(8,4,1,77,8,'Callahan','Laura','1958-01-09 00:00:00','1994-03-05 00:00:00','4726 - 11th Ave. N.E.','98105','(206) 555-1189','2344','EMPID8.BMP','Laura se graduó en Psicología por la Universidad de Washington. También completó un curso de francés de negocios. Lee y escribe en francés.',2),(9,1,1,45,9,'Dodsworth','Anne','1969-07-02 00:00:00','1994-11-15 00:00:00','7 Houndstooth Rd.','WG2 7LT','(71) 555-4444','452','EMPID9.BMP','Anne tiene una licenciatura en inglés por el  St. Lawrence College.  Habla con fluidez el francés y el alemán.',5);
/*!40000 ALTER TABLE `dim_empleado` ENABLE KEYS */;
UNLOCK TABLES;

--
-- Table structure for table `dim_mes`
--

DROP TABLE IF EXISTS `dim_mes`;
/*!40101 SET @saved_cs_client     = @@character_set_client */;
/*!40101 SET character_set_client = utf8 */;
CREATE TABLE `dim_mes` (
  `id_mes` int(11) NOT NULL AUTO_INCREMENT,
  `id_trimestre` int(11) NOT NULL,
  `nro_mes` int(11) NOT NULL,
  `nombre_mes` varchar(30) NOT NULL,
  `nombre_abreviado` varchar(30) NOT NULL,
  `estacion` varchar(30) NOT NULL,
  PRIMARY KEY (`id_mes`)
) ENGINE=InnoDB AUTO_INCREMENT=37 DEFAULT CHARSET=utf8mb4 COLLATE=utf8mb4_0900_ai_ci;
/*!40101 SET character_set_client = @saved_cs_client */;

--
-- Dumping data for table `dim_mes`
--

LOCK TABLES `dim_mes` WRITE;
/*!40000 ALTER TABLE `dim_mes` DISABLE KEYS */;
INSERT INTO `dim_mes` VALUES (1,1,1,'enero','ene','verano'),(2,1,2,'febrero','feb','verano'),(3,1,3,'marzo','mar','otoño'),(4,2,4,'abril','abr','otoño'),(5,2,5,'mayo','may','otoño'),(6,2,6,'junio','jun','invierno'),(7,3,7,'julio','jul','invierno'),(8,3,8,'agosto','ago','invierno'),(9,3,9,'septiembre','sep','primavera'),(10,4,10,'octubre','oct','primavera'),(11,4,11,'noviembre','nov','primavera'),(12,4,12,'diciembre','dic','verano'),(13,5,1,'enero','ene','verano'),(14,5,2,'febrero','feb','verano'),(15,5,3,'marzo','mar','otoño'),(16,6,4,'abril','abr','otoño'),(17,6,5,'mayo','may','otoño'),(18,6,6,'junio','jun','invierno'),(19,7,7,'julio','jul','invierno'),(20,7,8,'agosto','ago','invierno'),(21,7,9,'septiembre','sep','primavera'),(22,8,10,'octubre','oct','primavera'),(23,8,11,'noviembre','nov','primavera'),(24,8,12,'diciembre','dic','verano'),(25,9,1,'enero','ene','verano'),(26,9,2,'febrero','feb','verano'),(27,9,3,'marzo','mar','otoño'),(28,10,4,'abril','abr','otoño'),(29,10,5,'mayo','may','otoño'),(30,10,6,'junio','jun','invierno'),(31,11,7,'julio','jul','invierno'),(32,11,8,'agosto','ago','invierno'),(33,11,9,'septiembre','sep','primavera'),(34,12,10,'octubre','oct','primavera'),(35,12,11,'noviembre','nov','primavera'),(36,12,12,'diciembre','dic','verano');
/*!40000 ALTER TABLE `dim_mes` ENABLE KEYS */;
UNLOCK TABLES;

--
-- Table structure for table `dim_pais`
--

DROP TABLE IF EXISTS `dim_pais`;
/*!40101 SET @saved_cs_client     = @@character_set_client */;
/*!40101 SET character_set_client = utf8 */;
CREATE TABLE `dim_pais` (
  `id_pais` int(11) NOT NULL AUTO_INCREMENT,
  `nombre_pais` varchar(64) DEFAULT NULL,
  PRIMARY KEY (`id_pais`)
) ENGINE=InnoDB AUTO_INCREMENT=26 DEFAULT CHARSET=utf8mb4 COLLATE=utf8mb4_0900_ai_ci;
/*!40101 SET character_set_client = @saved_cs_client */;

--
-- Dumping data for table `dim_pais`
--

LOCK TABLES `dim_pais` WRITE;
/*!40000 ALTER TABLE `dim_pais` DISABLE KEYS */;
INSERT INTO `dim_pais` VALUES (1,'Alemania'),(2,'Argentina'),(3,'Australia'),(4,'Austria'),(5,'Bélgica'),(6,'Brasil'),(7,'Canadá'),(8,'Dinamarca'),(9,'España'),(10,'Estados Unidos'),(11,'Finlandia'),(12,'Francia'),(13,'Holanda'),(14,'Irlanda'),(15,'Italia'),(16,'Japón'),(17,'México'),(18,'Noruega'),(19,'Polonia'),(20,'Portugal'),(21,'Reino Unido'),(22,'Singapur'),(23,'Suecia'),(24,'Suiza'),(25,'Venezuela');
/*!40000 ALTER TABLE `dim_pais` ENABLE KEYS */;
UNLOCK TABLES;

--
-- Table structure for table `dim_producto`
--

DROP TABLE IF EXISTS `dim_producto`;
/*!40101 SET @saved_cs_client     = @@character_set_client */;
/*!40101 SET character_set_client = utf8 */;
CREATE TABLE `dim_producto` (
  `id_producto` int(11) NOT NULL AUTO_INCREMENT,
  `id_proveedor` int(11) NOT NULL,
  `id_categoria` int(11) NOT NULL,
  `codigo_producto` int(11) DEFAULT NULL,
  `nombre_producto` varchar(100) DEFAULT NULL,
  `cantidad_por_unidad` varchar(100) DEFAULT NULL,
  `precio_por_unidad` double DEFAULT NULL,
  PRIMARY KEY (`id_producto`)
) ENGINE=InnoDB AUTO_INCREMENT=78 DEFAULT CHARSET=utf8mb4 COLLATE=utf8mb4_0900_ai_ci;
/*!40101 SET character_set_client = @saved_cs_client */;

--
-- Dumping data for table `dim_producto`
--

LOCK TABLES `dim_producto` WRITE;
/*!40000 ALTER TABLE `dim_producto` DISABLE KEYS */;
INSERT INTO `dim_producto` VALUES (1,1,1,1,'Té Dharamsala','10 cajas x 20 bolsas',18),(2,1,1,2,'Cerveza tibetana Barley','24 - bot. 12 l',19),(3,1,2,3,'Sirope de regaliz','12 - bot. 550 ml',10),(4,2,2,4,'Especias Cajun del chef Anton','48 - frascos 6 l',22),(5,2,2,5,'Mezcla Gumbo del chef Anton','36 cajas',21.35),(6,3,2,6,'Mermelada de grosellas de la abuela','12 - frascos 8 l',25),(7,3,7,7,'Peras secas orgánicas del tío Bob','12 - paq. 1 kg',30),(8,3,2,8,'Salsa de arándanos Northwoods','12 - frascos 12 l',40),(9,4,6,9,'Buey Mishi Kobe','18 - paq. 500 g',97),(10,4,8,10,'Pez espada','12 - frascos 200 ml',31),(11,5,4,11,'Queso Cabrales','paq. 1 kg',21),(12,5,4,12,'Queso Manchego La Pastora','10 - paq. 500 g',38),(13,6,8,13,'Algas Konbu','caja 2 kg',6),(14,6,7,14,'Cuajada de judías','40 - paq. 100 g',23.25),(15,6,2,15,'Salsa de soja baja en sodio','24 - bot. 250 ml',15.5),(16,7,3,16,'Postre de merengue Pavlova','32 - cajas 500 g',17.45),(17,7,6,17,'Cordero Alice Springs','20 - latas 1 kg',39),(18,7,8,18,'Langostinos tigre Carnarvon','paq. 16 kg',62.5),(19,8,3,19,'Pastas de té de chocolate','10 cajas x 12 piezas',9.2),(20,8,3,20,'Mermelada de Sir Rodney\'s','30 cajas regalo',81),(21,8,3,21,'Bollos de Sir Rodney\'s','24 paq. x 4 piezas',10),(22,9,5,22,'Pan de centeno crujiente estilo Gustaf\'s','24 - paq. 500 g',21),(23,9,5,23,'Pan fino','12 - paq. 250 g',9),(24,10,1,24,'Refresco Guaraná Fantástica','12 - latas 355 ml',4.5),(25,11,3,25,'Crema de chocolate y nueces NuNuCa','20 - vasos  450 g',14),(26,11,3,26,'Ositos de goma Gumbär','100 - bolsas 250 g',31.23),(27,11,3,27,'Chocolate Schoggi','100 - piezas 100 g',43.9),(28,12,7,28,'Col fermentada Rössle','25 - latas 825 g',45.6),(29,12,6,29,'Salchicha Thüringer','50 bolsas x 30 salch',123.79),(30,13,8,30,'Arenque blanco del noroeste','10 - vasos 200 g',25.89),(31,14,4,31,'Queso gorgonzola Telino','12 - paq. 100 g',12.5),(32,14,4,32,'Queso Mascarpone Fabioli','24 - paq. 200 g',32),(33,15,4,33,'Queso de cabra','500 g',2.5),(34,16,1,34,'Cerveza Sasquatch','24 - bot. 12 l',14),(35,16,1,35,'Cerveza negra Steeleye','24 - bot. 12 l',18),(36,17,8,36,'Escabeche de arenque','24 - frascos 250 g',19),(37,17,8,37,'Salmón ahumado Gravad','12 - paq. 500 g',26),(38,18,1,38,'Vino Côte de Blaye','12 - bot. 75 cl',263.5),(39,18,1,39,'Licor verde Chartreuse','750 cc por bot.',18),(40,19,8,40,'Carne de cangrejo de Boston','24 - latas 4 l',18.4),(41,19,8,41,'Crema de almejas estilo Nueva Inglaterra','12 - latas 12 l',9.65),(42,20,5,42,'Tallarines de Singapur','32 - 1 kg paq.',14),(43,20,1,43,'Café de Malasia','16 - latas 500 g',46),(44,20,2,44,'Azúcar negra Malacca','20 - bolsas 2 kg',19.45),(45,21,8,45,'Arenque ahumado','paq. 1k',9.5),(46,21,8,46,'Arenque salado','4 - vasos 450 g',12),(47,22,3,47,'Galletas Zaanse','10 - cajas 4 l',9.5),(48,22,3,48,'Chocolate holandés','10 paq.',12.75),(49,23,3,49,'Regaliz','24 - paq. 50 g',20),(50,23,3,50,'Chocolate blanco','12 - barras 100 g',16.25),(51,24,7,51,'Manzanas secas Manjimup','50 - paq. 300 g',53),(52,24,5,52,'Cereales para Filo','16 - cajas 2 kg',7),(53,24,6,53,'Empanada de carne','48 porc.',32.8),(54,25,6,54,'Empanada de cerdo','16 tartas',7.45),(55,25,6,55,'Paté chino','24 cajas x 2 tartas',24),(56,26,5,56,'Gnocchi de la abuela Alicia','24 - paq. 250 g',38),(57,26,5,57,'Raviolis Angelo','24 - paq. 250 g',19.5),(58,27,8,58,'Caracoles de Borgoña','24 porc.',13.25),(59,28,4,59,'Raclet de queso Courdavault','paq. 5 kg',55),(60,28,4,60,'Camembert Pierrot','15 - paq. 300 g',34),(61,29,2,61,'Sirope de arce','24 - bot. 500 ml',28.5),(62,29,3,62,'Tarta de azúcar','48 tartas',49.3),(63,7,2,63,'Sandwich de vegetales','15 - frascos 625 g',43.9),(64,12,5,64,'Bollos de pan de Wimmer','20 bolsas x 4 porc.',33.25),(65,2,2,65,'Salsa de pimiento picante de Luisiana','32 - bot. 8 l',21.05),(66,2,2,66,'Especias picantes de Luisiana','24 - frascos 8 l',17),(67,16,1,67,'Cerveza Laughing Lumberjack','24 - bot. 12 l',14),(68,8,3,68,'Barras de pan de Escocia','10 cajas x 8 porc.',12.5),(69,15,4,69,'Queso Gudbrandsdals','paq. 10 kg',36),(70,7,1,70,'Cerveza Outback','24 - bot. 355 ml',15),(71,15,4,71,'Crema de queso Fløtemys','10 - paq. 500 g',21.5),(72,14,4,72,'Queso Mozzarella Giovanni','24 - paq. 200 g',34.8),(73,17,8,73,'Caviar rojo','24 - frascos150 g',15),(74,4,7,74,'Queso de soja Longlife','paq. 5 kg',10),(75,12,1,75,'Cerveza Klosterbier Rhönbräu','24 - bot. 0,5 l',7.75),(76,23,1,76,'Licor Cloudberry','500 ml',18),(77,12,2,77,'Salsa verde original Frankfurter','12 cajas',13);
/*!40000 ALTER TABLE `dim_producto` ENABLE KEYS */;
UNLOCK TABLES;

--
-- Table structure for table `dim_proveedor`
--

DROP TABLE IF EXISTS `dim_proveedor`;
/*!40101 SET @saved_cs_client     = @@character_set_client */;
/*!40101 SET character_set_client = utf8 */;
CREATE TABLE `dim_proveedor` (
  `id_proveedor` int(11) NOT NULL AUTO_INCREMENT,
  `id_ciudad_proveedor` int(11) NOT NULL,
  `codigo_proveedor` int(11) DEFAULT NULL,
  `nombre_proveedor` varchar(128) DEFAULT NULL,
  `nombre_contacto` varchar(128) DEFAULT NULL,
  `cargo_contacto` varchar(128) DEFAULT NULL,
  `direccion` varchar(250) DEFAULT NULL,
  `codigo_postal` varchar(64) DEFAULT NULL,
  `telefono` varchar(64) DEFAULT NULL,
  `fax` varchar(64) DEFAULT NULL,
  `pagina_principal` varchar(256) DEFAULT NULL,
  PRIMARY KEY (`id_proveedor`)
) ENGINE=InnoDB AUTO_INCREMENT=30 DEFAULT CHARSET=utf8mb4 COLLATE=utf8mb4_0900_ai_ci;
/*!40101 SET character_set_client = @saved_cs_client */;

--
-- Dumping data for table `dim_proveedor`
--

LOCK TABLES `dim_proveedor` WRITE;
/*!40000 ALTER TABLE `dim_proveedor` DISABLE KEYS */;
INSERT INTO `dim_proveedor` VALUES (1,45,1,'Exotic Liquids','Charlotte Cooper','Gerente de compras','49 Gilbert St.','EC1 4SD','(171) 555-2222',NULL,NULL),(2,59,2,'New Orleans Cajun Delights','Shelley Burke','Administrador de pedidos','P.O. Box 78934','70117','(100) 555-4822',NULL,NULL),(3,4,3,'Grandma Kelly\'s Homestead','Regina Murphy','Representante de ventas','707 Oxford Rd.','48104','(313) 555-5735','(313) 555-3349',NULL),(4,86,4,'Tokyo Traders','Yoshi Nagase','Gerente de marketing','9-8 Sekimai\r\nMusashino-shi','100','(03) 3555-5011',NULL,NULL),(5,62,5,'Cooperativa de Quesos \'Las Cabras\'','Antonio del Valle Saavedra ','Administrador de exportaciones','Calle del Rosal 4','33007','(98) 598 76 54',NULL,NULL),(6,60,6,'Mayumi\'s','Mayumi Ohno','Representante de marketing','92 Setsuko\r\nChuo-ku','545','(06) 431-7877',NULL,NULL),(7,52,7,'Pavlova, Ltd.','Ian Devling','Gerente de marketing','74 Rose St.\r\nMoonie Ponds','3058','(03) 444-2343','(03) 444-6588',NULL),(8,49,8,'Specialty Biscuits, Ltd.','Peter Wilson','Representante de ventas','29 King\'s Way','M14 GSD','(161) 555-4448',NULL,NULL),(9,32,9,'PB Knäckebröd AB','Lars Peterson','Agente de ventas','Kaloadagatan 13','S-345 67','031-987 65 43','031-987 65 91',NULL),(10,76,10,'Refrescos Americanas LTDA','Carlos Diaz','Gerente de marketing','Av. das Americanas 12.890','5442','(11) 555 4640',NULL,NULL),(11,11,11,'Heli Süßwaren GmbH & Co. KG','Petra Winkler','Gerente de ventas','Tiergartenstraße 5','10785','(010) 9984510',NULL,NULL),(12,30,12,'Plutzer Lebensmittelgroßmärkte AG','Martin Bein','Ger. marketing internacional','Bogenallee 51','60439','(069) 992755',NULL,NULL),(13,26,13,'Nord-Ost-Fisch Handelsgesellschaft mbH','Sven Petersen','Coordinador de mercados','Frahmredder 112a','27478','(04721) 8713','(04721) 8714',NULL),(14,65,14,'Formaggi Fortini s.r.l.','Elio Rossi','Representante de ventas','Viale Dante, 75','48100','(0544) 60323','(0544) 60603',NULL),(15,75,15,'Norske Meierier','Beate Vileid','Gerente de marketing','Hatlevegen 5','1320','(0)2-953010',NULL,NULL),(16,9,16,'Bigfoot Breweries','Cheryl Saylor','Repr. de cuentas regional','3400 - 8th Avenue\r\nSuite 210','97101','(503) 555-9931',NULL,NULL),(17,82,17,'Svensk Sjöföda AB','Michael Björn','Representante de ventas','Brovallavägen 231','S-123 45','08-123 45 67',NULL,NULL),(18,63,18,'Aux joyeux ecclésiastiques','Guylène Nodier','Gerente de ventas','203, Rue des Francs-Bourgeois','75004','(1) 03.83.00.68','(1) 03.83.00.62',NULL),(19,14,19,'New England Seafood Cannery','Robb Merchant','Agente de cuentas al por mayor','Order Processing Dept.\r\n2100 Paul Revere Blvd.','02134','(617) 555-3267','(617) 555-3389',NULL),(20,79,20,'Leka Trading','Chandra Leka','Propietario','471 Serangoon Loop, Suite #402','0512','555-8787',NULL,NULL),(21,47,21,'Lyngbysild','Niels Petersen','Gerente de ventas','Lyngbysild\r\nFiskebakken 10','2800','43844108','43844115',NULL),(22,94,22,'Zaanse Snoepfabriek','Dirk Luchte','Gerente de contabilidad','Verkoop\r\nRijnweg 22','9999 ZZ','(12345) 1212','(12345) 1210',NULL),(23,40,23,'Karkki Oy','Anne Heikkonen','Gerente de producción','Valtakatu 12','53120','(953) 10956',NULL,NULL),(24,84,24,'G\'day, Mate','Wendy Mackenzie','Representante de ventas','170 Prince Edward Parade\r\nHunter\'s Hill','2042','(02) 555-5914','(02) 555-4873',NULL),(25,0,25,'Ma Maison','Jean-Guy Lauzon','Gerente de marketing','2960 Rue St. Laurent','H1J 1C3','(514) 555-9022',NULL,NULL),(26,71,26,'Pasta Buttini s.r.l.','Giovanni Giudici','Administrador de pedidos','Via dei Gelsomini, 153','84100','(089) 6547665','(089) 6547667',NULL),(27,54,27,'Escargots Nouveaux','Marie Delamare','Gerente de ventas','22, rue H. Voiron','71300','85.57.00.07',NULL,NULL),(28,5,28,'Gai pâturage','Eliane Noz','Representante de ventas','Bat. B\r\n3, rue des Alpes','74000','38.76.98.06','38.76.98.58',NULL),(29,81,29,'Forêts d\'érables','Chantal Goulet','Gerente de contabilidad','148 rue Chasseur','J2S 7S8','(514) 555-2955','(514) 555-2921',NULL);
/*!40000 ALTER TABLE `dim_proveedor` ENABLE KEYS */;
UNLOCK TABLES;

--
-- Table structure for table `dim_tiempo`
--

DROP TABLE IF EXISTS `dim_tiempo`;
/*!40101 SET @saved_cs_client     = @@character_set_client */;
/*!40101 SET character_set_client = utf8 */;
CREATE TABLE `dim_tiempo` (
  `id_tiempo` int(11) NOT NULL AUTO_INCREMENT,
  `id_dia` int(11) NOT NULL,
  `fecha` datetime NOT NULL,
  `dow` varchar(45) NOT NULL,
  PRIMARY KEY (`id_tiempo`)
) ENGINE=InnoDB AUTO_INCREMENT=1097 DEFAULT CHARSET=utf8mb4 COLLATE=utf8mb4_0900_ai_ci;
/*!40101 SET character_set_client = @saved_cs_client */;

--
-- Dumping data for table `dim_tiempo`
--

LOCK TABLES `dim_tiempo` WRITE;
/*!40000 ALTER TABLE `dim_tiempo` DISABLE KEYS */;
INSERT INTO `dim_tiempo` VALUES (1,1,'1996-01-01 00:00:00','lunes'),(2,2,'1996-01-02 00:00:00','martes'),(3,3,'1996-01-03 00:00:00','miércoles'),(4,4,'1996-01-04 00:00:00','jueves'),(5,5,'1996-01-05 00:00:00','viernes'),(6,6,'1996-01-06 00:00:00','sábado'),(7,7,'1996-01-07 00:00:00','domingo'),(8,8,'1996-01-08 00:00:00','lunes'),(9,9,'1996-01-09 00:00:00','martes'),(10,10,'1996-01-10 00:00:00','miércoles'),(11,11,'1996-01-11 00:00:00','jueves'),(12,12,'1996-01-12 00:00:00','viernes'),(13,13,'1996-01-13 00:00:00','sábado'),(14,14,'1996-01-14 00:00:00','domingo'),(15,15,'1996-01-15 00:00:00','lunes'),(16,16,'1996-01-16 00:00:00','martes'),(17,17,'1996-01-17 00:00:00','miércoles'),(18,18,'1996-01-18 00:00:00','jueves'),(19,19,'1996-01-19 00:00:00','viernes'),(20,20,'1996-01-20 00:00:00','sábado'),(21,21,'1996-01-21 00:00:00','domingo'),(22,22,'1996-01-22 00:00:00','lunes'),(23,23,'1996-01-23 00:00:00','martes'),(24,24,'1996-01-24 00:00:00','miércoles'),(25,25,'1996-01-25 00:00:00','jueves'),(26,26,'1996-01-26 00:00:00','viernes'),(27,27,'1996-01-27 00:00:00','sábado'),(28,28,'1996-01-28 00:00:00','domingo'),(29,29,'1996-01-29 00:00:00','lunes'),(30,30,'1996-01-30 00:00:00','martes'),(31,31,'1996-01-31 00:00:00','miércoles'),(32,32,'1996-02-01 00:00:00','jueves'),(33,33,'1996-02-02 00:00:00','viernes'),(34,34,'1996-02-03 00:00:00','sábado'),(35,35,'1996-02-04 00:00:00','domingo'),(36,36,'1996-02-05 00:00:00','lunes'),(37,37,'1996-02-06 00:00:00','martes'),(38,38,'1996-02-07 00:00:00','miércoles'),(39,39,'1996-02-08 00:00:00','jueves'),(40,40,'1996-02-09 00:00:00','viernes'),(41,41,'1996-02-10 00:00:00','sábado'),(42,42,'1996-02-11 00:00:00','domingo'),(43,43,'1996-02-12 00:00:00','lunes'),(44,44,'1996-02-13 00:00:00','martes'),(45,45,'1996-02-14 00:00:00','miércoles'),(46,46,'1996-02-15 00:00:00','jueves'),(47,47,'1996-02-16 00:00:00','viernes'),(48,48,'1996-02-17 00:00:00','sábado'),(49,49,'1996-02-18 00:00:00','domingo'),(50,50,'1996-02-19 00:00:00','lunes'),(51,51,'1996-02-20 00:00:00','martes'),(52,52,'1996-02-21 00:00:00','miércoles'),(53,53,'1996-02-22 00:00:00','jueves'),(54,54,'1996-02-23 00:00:00','viernes'),(55,55,'1996-02-24 00:00:00','sábado'),(56,56,'1996-02-25 00:00:00','domingo'),(57,57,'1996-02-26 00:00:00','lunes'),(58,58,'1996-02-27 00:00:00','martes'),(59,59,'1996-02-28 00:00:00','miércoles'),(60,60,'1996-02-29 00:00:00','jueves'),(61,61,'1996-03-01 00:00:00','viernes'),(62,62,'1996-03-02 00:00:00','sábado'),(63,63,'1996-03-03 00:00:00','domingo'),(64,64,'1996-03-04 00:00:00','lunes'),(65,65,'1996-03-05 00:00:00','martes'),(66,66,'1996-03-06 00:00:00','miércoles'),(67,67,'1996-03-07 00:00:00','jueves'),(68,68,'1996-03-08 00:00:00','viernes'),(69,69,'1996-03-09 00:00:00','sábado'),(70,70,'1996-03-10 00:00:00','domingo'),(71,71,'1996-03-11 00:00:00','lunes'),(72,72,'1996-03-12 00:00:00','martes'),(73,73,'1996-03-13 00:00:00','miércoles'),(74,74,'1996-03-14 00:00:00','jueves'),(75,75,'1996-03-15 00:00:00','viernes'),(76,76,'1996-03-16 00:00:00','sábado'),(77,77,'1996-03-17 00:00:00','domingo'),(78,78,'1996-03-18 00:00:00','lunes'),(79,79,'1996-03-19 00:00:00','martes'),(80,80,'1996-03-20 00:00:00','miércoles'),(81,81,'1996-03-21 00:00:00','jueves'),(82,82,'1996-03-22 00:00:00','viernes'),(83,83,'1996-03-23 00:00:00','sábado'),(84,84,'1996-03-24 00:00:00','domingo'),(85,85,'1996-03-25 00:00:00','lunes'),(86,86,'1996-03-26 00:00:00','martes'),(87,87,'1996-03-27 00:00:00','miércoles'),(88,88,'1996-03-28 00:00:00','jueves'),(89,89,'1996-03-29 00:00:00','viernes'),(90,90,'1996-03-30 00:00:00','sábado'),(91,91,'1996-03-31 00:00:00','domingo'),(92,92,'1996-04-01 00:00:00','lunes'),(93,93,'1996-04-02 00:00:00','martes'),(94,94,'1996-04-03 00:00:00','miércoles'),(95,95,'1996-04-04 00:00:00','jueves'),(96,96,'1996-04-05 00:00:00','viernes'),(97,97,'1996-04-06 00:00:00','sábado'),(98,98,'1996-04-07 00:00:00','domingo'),(99,99,'1996-04-08 00:00:00','lunes'),(100,100,'1996-04-09 00:00:00','martes'),(101,101,'1996-04-10 00:00:00','miércoles'),(102,102,'1996-04-11 00:00:00','jueves'),(103,103,'1996-04-12 00:00:00','viernes'),(104,104,'1996-04-13 00:00:00','sábado'),(105,105,'1996-04-14 00:00:00','domingo'),(106,106,'1996-04-15 00:00:00','lunes'),(107,107,'1996-04-16 00:00:00','martes'),(108,108,'1996-04-17 00:00:00','miércoles'),(109,109,'1996-04-18 00:00:00','jueves'),(110,110,'1996-04-19 00:00:00','viernes'),(111,111,'1996-04-20 00:00:00','sábado'),(112,112,'1996-04-21 00:00:00','domingo'),(113,113,'1996-04-22 00:00:00','lunes'),(114,114,'1996-04-23 00:00:00','martes'),(115,115,'1996-04-24 00:00:00','miércoles'),(116,116,'1996-04-25 00:00:00','jueves'),(117,117,'1996-04-26 00:00:00','viernes'),(118,118,'1996-04-27 00:00:00','sábado'),(119,119,'1996-04-28 00:00:00','domingo'),(120,120,'1996-04-29 00:00:00','lunes'),(121,121,'1996-04-30 00:00:00','martes'),(122,122,'1996-05-01 00:00:00','miércoles'),(123,123,'1996-05-02 00:00:00','jueves'),(124,124,'1996-05-03 00:00:00','viernes'),(125,125,'1996-05-04 00:00:00','sábado'),(126,126,'1996-05-05 00:00:00','domingo'),(127,127,'1996-05-06 00:00:00','lunes'),(128,128,'1996-05-07 00:00:00','martes'),(129,129,'1996-05-08 00:00:00','miércoles'),(130,130,'1996-05-09 00:00:00','jueves'),(131,131,'1996-05-10 00:00:00','viernes'),(132,132,'1996-05-11 00:00:00','sábado'),(133,133,'1996-05-12 00:00:00','domingo'),(134,134,'1996-05-13 00:00:00','lunes'),(135,135,'1996-05-14 00:00:00','martes'),(136,136,'1996-05-15 00:00:00','miércoles'),(137,137,'1996-05-16 00:00:00','jueves'),(138,138,'1996-05-17 00:00:00','viernes'),(139,139,'1996-05-18 00:00:00','sábado'),(140,140,'1996-05-19 00:00:00','domingo'),(141,141,'1996-05-20 00:00:00','lunes'),(142,142,'1996-05-21 00:00:00','martes'),(143,143,'1996-05-22 00:00:00','miércoles'),(144,144,'1996-05-23 00:00:00','jueves'),(145,145,'1996-05-24 00:00:00','viernes'),(146,146,'1996-05-25 00:00:00','sábado'),(147,147,'1996-05-26 00:00:00','domingo'),(148,148,'1996-05-27 00:00:00','lunes'),(149,149,'1996-05-28 00:00:00','martes'),(150,150,'1996-05-29 00:00:00','miércoles'),(151,151,'1996-05-30 00:00:00','jueves'),(152,152,'1996-05-31 00:00:00','viernes'),(153,153,'1996-06-01 00:00:00','sábado'),(154,154,'1996-06-02 00:00:00','domingo'),(155,155,'1996-06-03 00:00:00','lunes'),(156,156,'1996-06-04 00:00:00','martes'),(157,157,'1996-06-05 00:00:00','miércoles'),(158,158,'1996-06-06 00:00:00','jueves'),(159,159,'1996-06-07 00:00:00','viernes'),(160,160,'1996-06-08 00:00:00','sábado'),(161,161,'1996-06-09 00:00:00','domingo'),(162,162,'1996-06-10 00:00:00','lunes'),(163,163,'1996-06-11 00:00:00','martes'),(164,164,'1996-06-12 00:00:00','miércoles'),(165,165,'1996-06-13 00:00:00','jueves'),(166,166,'1996-06-14 00:00:00','viernes'),(167,167,'1996-06-15 00:00:00','sábado'),(168,168,'1996-06-16 00:00:00','domingo'),(169,169,'1996-06-17 00:00:00','lunes'),(170,170,'1996-06-18 00:00:00','martes'),(171,171,'1996-06-19 00:00:00','miércoles'),(172,172,'1996-06-20 00:00:00','jueves'),(173,173,'1996-06-21 00:00:00','viernes'),(174,174,'1996-06-22 00:00:00','sábado'),(175,175,'1996-06-23 00:00:00','domingo'),(176,176,'1996-06-24 00:00:00','lunes'),(177,177,'1996-06-25 00:00:00','martes'),(178,178,'1996-06-26 00:00:00','miércoles'),(179,179,'1996-06-27 00:00:00','jueves'),(180,180,'1996-06-28 00:00:00','viernes'),(181,181,'1996-06-29 00:00:00','sábado'),(182,182,'1996-06-30 00:00:00','domingo'),(183,183,'1996-07-01 00:00:00','lunes'),(184,184,'1996-07-02 00:00:00','martes'),(185,185,'1996-07-03 00:00:00','miércoles'),(186,186,'1996-07-04 00:00:00','jueves'),(187,187,'1996-07-05 00:00:00','viernes'),(188,188,'1996-07-06 00:00:00','sábado'),(189,189,'1996-07-07 00:00:00','domingo'),(190,190,'1996-07-08 00:00:00','lunes'),(191,191,'1996-07-09 00:00:00','martes'),(192,192,'1996-07-10 00:00:00','miércoles'),(193,193,'1996-07-11 00:00:00','jueves'),(194,194,'1996-07-12 00:00:00','viernes'),(195,195,'1996-07-13 00:00:00','sábado'),(196,196,'1996-07-14 00:00:00','domingo'),(197,197,'1996-07-15 00:00:00','lunes'),(198,198,'1996-07-16 00:00:00','martes'),(199,199,'1996-07-17 00:00:00','miércoles'),(200,200,'1996-07-18 00:00:00','jueves'),(201,201,'1996-07-19 00:00:00','viernes'),(202,202,'1996-07-20 00:00:00','sábado'),(203,203,'1996-07-21 00:00:00','domingo'),(204,204,'1996-07-22 00:00:00','lunes'),(205,205,'1996-07-23 00:00:00','martes'),(206,206,'1996-07-24 00:00:00','miércoles'),(207,207,'1996-07-25 00:00:00','jueves'),(208,208,'1996-07-26 00:00:00','viernes'),(209,209,'1996-07-27 00:00:00','sábado'),(210,210,'1996-07-28 00:00:00','domingo'),(211,211,'1996-07-29 00:00:00','lunes'),(212,212,'1996-07-30 00:00:00','martes'),(213,213,'1996-07-31 00:00:00','miércoles'),(214,214,'1996-08-01 00:00:00','jueves'),(215,215,'1996-08-02 00:00:00','viernes'),(216,216,'1996-08-03 00:00:00','sábado'),(217,217,'1996-08-04 00:00:00','domingo'),(218,218,'1996-08-05 00:00:00','lunes'),(219,219,'1996-08-06 00:00:00','martes'),(220,220,'1996-08-07 00:00:00','miércoles'),(221,221,'1996-08-08 00:00:00','jueves'),(222,222,'1996-08-09 00:00:00','viernes'),(223,223,'1996-08-10 00:00:00','sábado'),(224,224,'1996-08-11 00:00:00','domingo'),(225,225,'1996-08-12 00:00:00','lunes'),(226,226,'1996-08-13 00:00:00','martes'),(227,227,'1996-08-14 00:00:00','miércoles'),(228,228,'1996-08-15 00:00:00','jueves'),(229,229,'1996-08-16 00:00:00','viernes'),(230,230,'1996-08-17 00:00:00','sábado'),(231,231,'1996-08-18 00:00:00','domingo'),(232,232,'1996-08-19 00:00:00','lunes'),(233,233,'1996-08-20 00:00:00','martes'),(234,234,'1996-08-21 00:00:00','miércoles'),(235,235,'1996-08-22 00:00:00','jueves'),(236,236,'1996-08-23 00:00:00','viernes'),(237,237,'1996-08-24 00:00:00','sábado'),(238,238,'1996-08-25 00:00:00','domingo'),(239,239,'1996-08-26 00:00:00','lunes'),(240,240,'1996-08-27 00:00:00','martes'),(241,241,'1996-08-28 00:00:00','miércoles'),(242,242,'1996-08-29 00:00:00','jueves'),(243,243,'1996-08-30 00:00:00','viernes'),(244,244,'1996-08-31 00:00:00','sábado'),(245,245,'1996-09-01 00:00:00','domingo'),(246,246,'1996-09-02 00:00:00','lunes'),(247,247,'1996-09-03 00:00:00','martes'),(248,248,'1996-09-04 00:00:00','miércoles'),(249,249,'1996-09-05 00:00:00','jueves'),(250,250,'1996-09-06 00:00:00','viernes'),(251,251,'1996-09-07 00:00:00','sábado'),(252,252,'1996-09-08 00:00:00','domingo'),(253,253,'1996-09-09 00:00:00','lunes'),(254,254,'1996-09-10 00:00:00','martes'),(255,255,'1996-09-11 00:00:00','miércoles'),(256,256,'1996-09-12 00:00:00','jueves'),(257,257,'1996-09-13 00:00:00','viernes'),(258,258,'1996-09-14 00:00:00','sábado'),(259,259,'1996-09-15 00:00:00','domingo'),(260,260,'1996-09-16 00:00:00','lunes'),(261,261,'1996-09-17 00:00:00','martes'),(262,262,'1996-09-18 00:00:00','miércoles'),(263,263,'1996-09-19 00:00:00','jueves'),(264,264,'1996-09-20 00:00:00','viernes'),(265,265,'1996-09-21 00:00:00','sábado'),(266,266,'1996-09-22 00:00:00','domingo'),(267,267,'1996-09-23 00:00:00','lunes'),(268,268,'1996-09-24 00:00:00','martes'),(269,269,'1996-09-25 00:00:00','miércoles'),(270,270,'1996-09-26 00:00:00','jueves'),(271,271,'1996-09-27 00:00:00','viernes'),(272,272,'1996-09-28 00:00:00','sábado'),(273,273,'1996-09-29 00:00:00','domingo'),(274,274,'1996-09-30 00:00:00','lunes'),(275,275,'1996-10-01 00:00:00','martes'),(276,276,'1996-10-02 00:00:00','miércoles'),(277,277,'1996-10-03 00:00:00','jueves'),(278,278,'1996-10-04 00:00:00','viernes'),(279,279,'1996-10-05 00:00:00','sábado'),(280,280,'1996-10-06 00:00:00','domingo'),(281,281,'1996-10-07 00:00:00','lunes'),(282,282,'1996-10-08 00:00:00','martes'),(283,283,'1996-10-09 00:00:00','miércoles'),(284,284,'1996-10-10 00:00:00','jueves'),(285,285,'1996-10-11 00:00:00','viernes'),(286,286,'1996-10-12 00:00:00','sábado'),(287,287,'1996-10-13 00:00:00','domingo'),(288,288,'1996-10-14 00:00:00','lunes'),(289,289,'1996-10-15 00:00:00','martes'),(290,290,'1996-10-16 00:00:00','miércoles'),(291,291,'1996-10-17 00:00:00','jueves'),(292,292,'1996-10-18 00:00:00','viernes'),(293,293,'1996-10-19 00:00:00','sábado'),(294,294,'1996-10-20 00:00:00','domingo'),(295,295,'1996-10-21 00:00:00','lunes'),(296,296,'1996-10-22 00:00:00','martes'),(297,297,'1996-10-23 00:00:00','miércoles'),(298,298,'1996-10-24 00:00:00','jueves'),(299,299,'1996-10-25 00:00:00','viernes'),(300,300,'1996-10-26 00:00:00','sábado'),(301,301,'1996-10-27 00:00:00','domingo'),(302,302,'1996-10-28 00:00:00','lunes'),(303,303,'1996-10-29 00:00:00','martes'),(304,304,'1996-10-30 00:00:00','miércoles'),(305,305,'1996-10-31 00:00:00','jueves'),(306,306,'1996-11-01 00:00:00','viernes'),(307,307,'1996-11-02 00:00:00','sábado'),(308,308,'1996-11-03 00:00:00','domingo'),(309,309,'1996-11-04 00:00:00','lunes'),(310,310,'1996-11-05 00:00:00','martes'),(311,311,'1996-11-06 00:00:00','miércoles'),(312,312,'1996-11-07 00:00:00','jueves'),(313,313,'1996-11-08 00:00:00','viernes'),(314,314,'1996-11-09 00:00:00','sábado'),(315,315,'1996-11-10 00:00:00','domingo'),(316,316,'1996-11-11 00:00:00','lunes'),(317,317,'1996-11-12 00:00:00','martes'),(318,318,'1996-11-13 00:00:00','miércoles'),(319,319,'1996-11-14 00:00:00','jueves'),(320,320,'1996-11-15 00:00:00','viernes'),(321,321,'1996-11-16 00:00:00','sábado'),(322,322,'1996-11-17 00:00:00','domingo'),(323,323,'1996-11-18 00:00:00','lunes'),(324,324,'1996-11-19 00:00:00','martes'),(325,325,'1996-11-20 00:00:00','miércoles'),(326,326,'1996-11-21 00:00:00','jueves'),(327,327,'1996-11-22 00:00:00','viernes'),(328,328,'1996-11-23 00:00:00','sábado'),(329,329,'1996-11-24 00:00:00','domingo'),(330,330,'1996-11-25 00:00:00','lunes'),(331,331,'1996-11-26 00:00:00','martes'),(332,332,'1996-11-27 00:00:00','miércoles'),(333,333,'1996-11-28 00:00:00','jueves'),(334,334,'1996-11-29 00:00:00','viernes'),(335,335,'1996-11-30 00:00:00','sábado'),(336,336,'1996-12-01 00:00:00','domingo'),(337,337,'1996-12-02 00:00:00','lunes'),(338,338,'1996-12-03 00:00:00','martes'),(339,339,'1996-12-04 00:00:00','miércoles'),(340,340,'1996-12-05 00:00:00','jueves'),(341,341,'1996-12-06 00:00:00','viernes'),(342,342,'1996-12-07 00:00:00','sábado'),(343,343,'1996-12-08 00:00:00','domingo'),(344,344,'1996-12-09 00:00:00','lunes'),(345,345,'1996-12-10 00:00:00','martes'),(346,346,'1996-12-11 00:00:00','miércoles'),(347,347,'1996-12-12 00:00:00','jueves'),(348,348,'1996-12-13 00:00:00','viernes'),(349,349,'1996-12-14 00:00:00','sábado'),(350,350,'1996-12-15 00:00:00','domingo'),(351,351,'1996-12-16 00:00:00','lunes'),(352,352,'1996-12-17 00:00:00','martes'),(353,353,'1996-12-18 00:00:00','miércoles'),(354,354,'1996-12-19 00:00:00','jueves'),(355,355,'1996-12-20 00:00:00','viernes'),(356,356,'1996-12-21 00:00:00','sábado'),(357,357,'1996-12-22 00:00:00','domingo'),(358,358,'1996-12-23 00:00:00','lunes'),(359,359,'1996-12-24 00:00:00','martes'),(360,360,'1996-12-25 00:00:00','miércoles'),(361,361,'1996-12-26 00:00:00','jueves'),(362,362,'1996-12-27 00:00:00','viernes'),(363,363,'1996-12-28 00:00:00','sábado'),(364,364,'1996-12-29 00:00:00','domingo'),(365,365,'1996-12-30 00:00:00','lunes'),(366,366,'1996-12-31 00:00:00','martes'),(367,367,'1997-01-01 00:00:00','miércoles'),(368,368,'1997-01-02 00:00:00','jueves'),(369,369,'1997-01-03 00:00:00','viernes'),(370,370,'1997-01-04 00:00:00','sábado'),(371,371,'1997-01-05 00:00:00','domingo'),(372,372,'1997-01-06 00:00:00','lunes'),(373,373,'1997-01-07 00:00:00','martes'),(374,374,'1997-01-08 00:00:00','miércoles'),(375,375,'1997-01-09 00:00:00','jueves'),(376,376,'1997-01-10 00:00:00','viernes'),(377,377,'1997-01-11 00:00:00','sábado'),(378,378,'1997-01-12 00:00:00','domingo'),(379,379,'1997-01-13 00:00:00','lunes'),(380,380,'1997-01-14 00:00:00','martes'),(381,381,'1997-01-15 00:00:00','miércoles'),(382,382,'1997-01-16 00:00:00','jueves'),(383,383,'1997-01-17 00:00:00','viernes'),(384,384,'1997-01-18 00:00:00','sábado'),(385,385,'1997-01-19 00:00:00','domingo'),(386,386,'1997-01-20 00:00:00','lunes'),(387,387,'1997-01-21 00:00:00','martes'),(388,388,'1997-01-22 00:00:00','miércoles'),(389,389,'1997-01-23 00:00:00','jueves'),(390,390,'1997-01-24 00:00:00','viernes'),(391,391,'1997-01-25 00:00:00','sábado'),(392,392,'1997-01-26 00:00:00','domingo'),(393,393,'1997-01-27 00:00:00','lunes'),(394,394,'1997-01-28 00:00:00','martes'),(395,395,'1997-01-29 00:00:00','miércoles'),(396,396,'1997-01-30 00:00:00','jueves'),(397,397,'1997-01-31 00:00:00','viernes'),(398,398,'1997-02-01 00:00:00','sábado'),(399,399,'1997-02-02 00:00:00','domingo'),(400,400,'1997-02-03 00:00:00','lunes'),(401,401,'1997-02-04 00:00:00','martes'),(402,402,'1997-02-05 00:00:00','miércoles'),(403,403,'1997-02-06 00:00:00','jueves'),(404,404,'1997-02-07 00:00:00','viernes'),(405,405,'1997-02-08 00:00:00','sábado'),(406,406,'1997-02-09 00:00:00','domingo'),(407,407,'1997-02-10 00:00:00','lunes'),(408,408,'1997-02-11 00:00:00','martes'),(409,409,'1997-02-12 00:00:00','miércoles'),(410,410,'1997-02-13 00:00:00','jueves'),(411,411,'1997-02-14 00:00:00','viernes'),(412,412,'1997-02-15 00:00:00','sábado'),(413,413,'1997-02-16 00:00:00','domingo'),(414,414,'1997-02-17 00:00:00','lunes'),(415,415,'1997-02-18 00:00:00','martes'),(416,416,'1997-02-19 00:00:00','miércoles'),(417,417,'1997-02-20 00:00:00','jueves'),(418,418,'1997-02-21 00:00:00','viernes'),(419,419,'1997-02-22 00:00:00','sábado'),(420,420,'1997-02-23 00:00:00','domingo'),(421,421,'1997-02-24 00:00:00','lunes'),(422,422,'1997-02-25 00:00:00','martes'),(423,423,'1997-02-26 00:00:00','miércoles'),(424,424,'1997-02-27 00:00:00','jueves'),(425,425,'1997-02-28 00:00:00','viernes'),(426,426,'1997-03-01 00:00:00','sábado'),(427,427,'1997-03-02 00:00:00','domingo'),(428,428,'1997-03-03 00:00:00','lunes'),(429,429,'1997-03-04 00:00:00','martes'),(430,430,'1997-03-05 00:00:00','miércoles'),(431,431,'1997-03-06 00:00:00','jueves'),(432,432,'1997-03-07 00:00:00','viernes'),(433,433,'1997-03-08 00:00:00','sábado'),(434,434,'1997-03-09 00:00:00','domingo'),(435,435,'1997-03-10 00:00:00','lunes'),(436,436,'1997-03-11 00:00:00','martes'),(437,437,'1997-03-12 00:00:00','miércoles'),(438,438,'1997-03-13 00:00:00','jueves'),(439,439,'1997-03-14 00:00:00','viernes'),(440,440,'1997-03-15 00:00:00','sábado'),(441,441,'1997-03-16 00:00:00','domingo'),(442,442,'1997-03-17 00:00:00','lunes'),(443,443,'1997-03-18 00:00:00','martes'),(444,444,'1997-03-19 00:00:00','miércoles'),(445,445,'1997-03-20 00:00:00','jueves'),(446,446,'1997-03-21 00:00:00','viernes'),(447,447,'1997-03-22 00:00:00','sábado'),(448,448,'1997-03-23 00:00:00','domingo'),(449,449,'1997-03-24 00:00:00','lunes'),(450,450,'1997-03-25 00:00:00','martes'),(451,451,'1997-03-26 00:00:00','miércoles'),(452,452,'1997-03-27 00:00:00','jueves'),(453,453,'1997-03-28 00:00:00','viernes'),(454,454,'1997-03-29 00:00:00','sábado'),(455,455,'1997-03-30 00:00:00','domingo'),(456,456,'1997-03-31 00:00:00','lunes'),(457,457,'1997-04-01 00:00:00','martes'),(458,458,'1997-04-02 00:00:00','miércoles'),(459,459,'1997-04-03 00:00:00','jueves'),(460,460,'1997-04-04 00:00:00','viernes'),(461,461,'1997-04-05 00:00:00','sábado'),(462,462,'1997-04-06 00:00:00','domingo'),(463,463,'1997-04-07 00:00:00','lunes'),(464,464,'1997-04-08 00:00:00','martes'),(465,465,'1997-04-09 00:00:00','miércoles'),(466,466,'1997-04-10 00:00:00','jueves'),(467,467,'1997-04-11 00:00:00','viernes'),(468,468,'1997-04-12 00:00:00','sábado'),(469,469,'1997-04-13 00:00:00','domingo'),(470,470,'1997-04-14 00:00:00','lunes'),(471,471,'1997-04-15 00:00:00','martes'),(472,472,'1997-04-16 00:00:00','miércoles'),(473,473,'1997-04-17 00:00:00','jueves'),(474,474,'1997-04-18 00:00:00','viernes'),(475,475,'1997-04-19 00:00:00','sábado'),(476,476,'1997-04-20 00:00:00','domingo'),(477,477,'1997-04-21 00:00:00','lunes'),(478,478,'1997-04-22 00:00:00','martes'),(479,479,'1997-04-23 00:00:00','miércoles'),(480,480,'1997-04-24 00:00:00','jueves'),(481,481,'1997-04-25 00:00:00','viernes'),(482,482,'1997-04-26 00:00:00','sábado'),(483,483,'1997-04-27 00:00:00','domingo'),(484,484,'1997-04-28 00:00:00','lunes'),(485,485,'1997-04-29 00:00:00','martes'),(486,486,'1997-04-30 00:00:00','miércoles'),(487,487,'1997-05-01 00:00:00','jueves'),(488,488,'1997-05-02 00:00:00','viernes'),(489,489,'1997-05-03 00:00:00','sábado'),(490,490,'1997-05-04 00:00:00','domingo'),(491,491,'1997-05-05 00:00:00','lunes'),(492,492,'1997-05-06 00:00:00','martes'),(493,493,'1997-05-07 00:00:00','miércoles'),(494,494,'1997-05-08 00:00:00','jueves'),(495,495,'1997-05-09 00:00:00','viernes'),(496,496,'1997-05-10 00:00:00','sábado'),(497,497,'1997-05-11 00:00:00','domingo'),(498,498,'1997-05-12 00:00:00','lunes'),(499,499,'1997-05-13 00:00:00','martes'),(500,500,'1997-05-14 00:00:00','miércoles'),(501,501,'1997-05-15 00:00:00','jueves'),(502,502,'1997-05-16 00:00:00','viernes'),(503,503,'1997-05-17 00:00:00','sábado'),(504,504,'1997-05-18 00:00:00','domingo'),(505,505,'1997-05-19 00:00:00','lunes'),(506,506,'1997-05-20 00:00:00','martes'),(507,507,'1997-05-21 00:00:00','miércoles'),(508,508,'1997-05-22 00:00:00','jueves'),(509,509,'1997-05-23 00:00:00','viernes'),(510,510,'1997-05-24 00:00:00','sábado'),(511,511,'1997-05-25 00:00:00','domingo'),(512,512,'1997-05-26 00:00:00','lunes'),(513,513,'1997-05-27 00:00:00','martes'),(514,514,'1997-05-28 00:00:00','miércoles'),(515,515,'1997-05-29 00:00:00','jueves'),(516,516,'1997-05-30 00:00:00','viernes'),(517,517,'1997-05-31 00:00:00','sábado'),(518,518,'1997-06-01 00:00:00','domingo'),(519,519,'1997-06-02 00:00:00','lunes'),(520,520,'1997-06-03 00:00:00','martes'),(521,521,'1997-06-04 00:00:00','miércoles'),(522,522,'1997-06-05 00:00:00','jueves'),(523,523,'1997-06-06 00:00:00','viernes'),(524,524,'1997-06-07 00:00:00','sábado'),(525,525,'1997-06-08 00:00:00','domingo'),(526,526,'1997-06-09 00:00:00','lunes'),(527,527,'1997-06-10 00:00:00','martes'),(528,528,'1997-06-11 00:00:00','miércoles'),(529,529,'1997-06-12 00:00:00','jueves'),(530,530,'1997-06-13 00:00:00','viernes'),(531,531,'1997-06-14 00:00:00','sábado'),(532,532,'1997-06-15 00:00:00','domingo'),(533,533,'1997-06-16 00:00:00','lunes'),(534,534,'1997-06-17 00:00:00','martes'),(535,535,'1997-06-18 00:00:00','miércoles'),(536,536,'1997-06-19 00:00:00','jueves'),(537,537,'1997-06-20 00:00:00','viernes'),(538,538,'1997-06-21 00:00:00','sábado'),(539,539,'1997-06-22 00:00:00','domingo'),(540,540,'1997-06-23 00:00:00','lunes'),(541,541,'1997-06-24 00:00:00','martes'),(542,542,'1997-06-25 00:00:00','miércoles'),(543,543,'1997-06-26 00:00:00','jueves'),(544,544,'1997-06-27 00:00:00','viernes'),(545,545,'1997-06-28 00:00:00','sábado'),(546,546,'1997-06-29 00:00:00','domingo'),(547,547,'1997-06-30 00:00:00','lunes'),(548,548,'1997-07-01 00:00:00','martes'),(549,549,'1997-07-02 00:00:00','miércoles'),(550,550,'1997-07-03 00:00:00','jueves'),(551,551,'1997-07-04 00:00:00','viernes'),(552,552,'1997-07-05 00:00:00','sábado'),(553,553,'1997-07-06 00:00:00','domingo'),(554,554,'1997-07-07 00:00:00','lunes'),(555,555,'1997-07-08 00:00:00','martes'),(556,556,'1997-07-09 00:00:00','miércoles'),(557,557,'1997-07-10 00:00:00','jueves'),(558,558,'1997-07-11 00:00:00','viernes'),(559,559,'1997-07-12 00:00:00','sábado'),(560,560,'1997-07-13 00:00:00','domingo'),(561,561,'1997-07-14 00:00:00','lunes'),(562,562,'1997-07-15 00:00:00','martes'),(563,563,'1997-07-16 00:00:00','miércoles'),(564,564,'1997-07-17 00:00:00','jueves'),(565,565,'1997-07-18 00:00:00','viernes'),(566,566,'1997-07-19 00:00:00','sábado'),(567,567,'1997-07-20 00:00:00','domingo'),(568,568,'1997-07-21 00:00:00','lunes'),(569,569,'1997-07-22 00:00:00','martes'),(570,570,'1997-07-23 00:00:00','miércoles'),(571,571,'1997-07-24 00:00:00','jueves'),(572,572,'1997-07-25 00:00:00','viernes'),(573,573,'1997-07-26 00:00:00','sábado'),(574,574,'1997-07-27 00:00:00','domingo'),(575,575,'1997-07-28 00:00:00','lunes'),(576,576,'1997-07-29 00:00:00','martes'),(577,577,'1997-07-30 00:00:00','miércoles'),(578,578,'1997-07-31 00:00:00','jueves'),(579,579,'1997-08-01 00:00:00','viernes'),(580,580,'1997-08-02 00:00:00','sábado'),(581,581,'1997-08-03 00:00:00','domingo'),(582,582,'1997-08-04 00:00:00','lunes'),(583,583,'1997-08-05 00:00:00','martes'),(584,584,'1997-08-06 00:00:00','miércoles'),(585,585,'1997-08-07 00:00:00','jueves'),(586,586,'1997-08-08 00:00:00','viernes'),(587,587,'1997-08-09 00:00:00','sábado'),(588,588,'1997-08-10 00:00:00','domingo'),(589,589,'1997-08-11 00:00:00','lunes'),(590,590,'1997-08-12 00:00:00','martes'),(591,591,'1997-08-13 00:00:00','miércoles'),(592,592,'1997-08-14 00:00:00','jueves'),(593,593,'1997-08-15 00:00:00','viernes'),(594,594,'1997-08-16 00:00:00','sábado'),(595,595,'1997-08-17 00:00:00','domingo'),(596,596,'1997-08-18 00:00:00','lunes'),(597,597,'1997-08-19 00:00:00','martes'),(598,598,'1997-08-20 00:00:00','miércoles'),(599,599,'1997-08-21 00:00:00','jueves'),(600,600,'1997-08-22 00:00:00','viernes'),(601,601,'1997-08-23 00:00:00','sábado'),(602,602,'1997-08-24 00:00:00','domingo'),(603,603,'1997-08-25 00:00:00','lunes'),(604,604,'1997-08-26 00:00:00','martes'),(605,605,'1997-08-27 00:00:00','miércoles'),(606,606,'1997-08-28 00:00:00','jueves'),(607,607,'1997-08-29 00:00:00','viernes'),(608,608,'1997-08-30 00:00:00','sábado'),(609,609,'1997-08-31 00:00:00','domingo'),(610,610,'1997-09-01 00:00:00','lunes'),(611,611,'1997-09-02 00:00:00','martes'),(612,612,'1997-09-03 00:00:00','miércoles'),(613,613,'1997-09-04 00:00:00','jueves'),(614,614,'1997-09-05 00:00:00','viernes'),(615,615,'1997-09-06 00:00:00','sábado'),(616,616,'1997-09-07 00:00:00','domingo'),(617,617,'1997-09-08 00:00:00','lunes'),(618,618,'1997-09-09 00:00:00','martes'),(619,619,'1997-09-10 00:00:00','miércoles'),(620,620,'1997-09-11 00:00:00','jueves'),(621,621,'1997-09-12 00:00:00','viernes'),(622,622,'1997-09-13 00:00:00','sábado'),(623,623,'1997-09-14 00:00:00','domingo'),(624,624,'1997-09-15 00:00:00','lunes'),(625,625,'1997-09-16 00:00:00','martes'),(626,626,'1997-09-17 00:00:00','miércoles'),(627,627,'1997-09-18 00:00:00','jueves'),(628,628,'1997-09-19 00:00:00','viernes'),(629,629,'1997-09-20 00:00:00','sábado'),(630,630,'1997-09-21 00:00:00','domingo'),(631,631,'1997-09-22 00:00:00','lunes'),(632,632,'1997-09-23 00:00:00','martes'),(633,633,'1997-09-24 00:00:00','miércoles'),(634,634,'1997-09-25 00:00:00','jueves'),(635,635,'1997-09-26 00:00:00','viernes'),(636,636,'1997-09-27 00:00:00','sábado'),(637,637,'1997-09-28 00:00:00','domingo'),(638,638,'1997-09-29 00:00:00','lunes'),(639,639,'1997-09-30 00:00:00','martes'),(640,640,'1997-10-01 00:00:00','miércoles'),(641,641,'1997-10-02 00:00:00','jueves'),(642,642,'1997-10-03 00:00:00','viernes'),(643,643,'1997-10-04 00:00:00','sábado'),(644,644,'1997-10-05 00:00:00','domingo'),(645,645,'1997-10-06 00:00:00','lunes'),(646,646,'1997-10-07 00:00:00','martes'),(647,647,'1997-10-08 00:00:00','miércoles'),(648,648,'1997-10-09 00:00:00','jueves'),(649,649,'1997-10-10 00:00:00','viernes'),(650,650,'1997-10-11 00:00:00','sábado'),(651,651,'1997-10-12 00:00:00','domingo'),(652,652,'1997-10-13 00:00:00','lunes'),(653,653,'1997-10-14 00:00:00','martes'),(654,654,'1997-10-15 00:00:00','miércoles'),(655,655,'1997-10-16 00:00:00','jueves'),(656,656,'1997-10-17 00:00:00','viernes'),(657,657,'1997-10-18 00:00:00','sábado'),(658,658,'1997-10-19 00:00:00','domingo'),(659,659,'1997-10-20 00:00:00','lunes'),(660,660,'1997-10-21 00:00:00','martes'),(661,661,'1997-10-22 00:00:00','miércoles'),(662,662,'1997-10-23 00:00:00','jueves'),(663,663,'1997-10-24 00:00:00','viernes'),(664,664,'1997-10-25 00:00:00','sábado'),(665,665,'1997-10-26 00:00:00','domingo'),(666,666,'1997-10-27 00:00:00','lunes'),(667,667,'1997-10-28 00:00:00','martes'),(668,668,'1997-10-29 00:00:00','miércoles'),(669,669,'1997-10-30 00:00:00','jueves'),(670,670,'1997-10-31 00:00:00','viernes'),(671,671,'1997-11-01 00:00:00','sábado'),(672,672,'1997-11-02 00:00:00','domingo'),(673,673,'1997-11-03 00:00:00','lunes'),(674,674,'1997-11-04 00:00:00','martes'),(675,675,'1997-11-05 00:00:00','miércoles'),(676,676,'1997-11-06 00:00:00','jueves'),(677,677,'1997-11-07 00:00:00','viernes'),(678,678,'1997-11-08 00:00:00','sábado'),(679,679,'1997-11-09 00:00:00','domingo'),(680,680,'1997-11-10 00:00:00','lunes'),(681,681,'1997-11-11 00:00:00','martes'),(682,682,'1997-11-12 00:00:00','miércoles'),(683,683,'1997-11-13 00:00:00','jueves'),(684,684,'1997-11-14 00:00:00','viernes'),(685,685,'1997-11-15 00:00:00','sábado'),(686,686,'1997-11-16 00:00:00','domingo'),(687,687,'1997-11-17 00:00:00','lunes'),(688,688,'1997-11-18 00:00:00','martes'),(689,689,'1997-11-19 00:00:00','miércoles'),(690,690,'1997-11-20 00:00:00','jueves'),(691,691,'1997-11-21 00:00:00','viernes'),(692,692,'1997-11-22 00:00:00','sábado'),(693,693,'1997-11-23 00:00:00','domingo'),(694,694,'1997-11-24 00:00:00','lunes'),(695,695,'1997-11-25 00:00:00','martes'),(696,696,'1997-11-26 00:00:00','miércoles'),(697,697,'1997-11-27 00:00:00','jueves'),(698,698,'1997-11-28 00:00:00','viernes'),(699,699,'1997-11-29 00:00:00','sábado'),(700,700,'1997-11-30 00:00:00','domingo'),(701,701,'1997-12-01 00:00:00','lunes'),(702,702,'1997-12-02 00:00:00','martes'),(703,703,'1997-12-03 00:00:00','miércoles'),(704,704,'1997-12-04 00:00:00','jueves'),(705,705,'1997-12-05 00:00:00','viernes'),(706,706,'1997-12-06 00:00:00','sábado'),(707,707,'1997-12-07 00:00:00','domingo'),(708,708,'1997-12-08 00:00:00','lunes'),(709,709,'1997-12-09 00:00:00','martes'),(710,710,'1997-12-10 00:00:00','miércoles'),(711,711,'1997-12-11 00:00:00','jueves'),(712,712,'1997-12-12 00:00:00','viernes'),(713,713,'1997-12-13 00:00:00','sábado'),(714,714,'1997-12-14 00:00:00','domingo'),(715,715,'1997-12-15 00:00:00','lunes'),(716,716,'1997-12-16 00:00:00','martes'),(717,717,'1997-12-17 00:00:00','miércoles'),(718,718,'1997-12-18 00:00:00','jueves'),(719,719,'1997-12-19 00:00:00','viernes'),(720,720,'1997-12-20 00:00:00','sábado'),(721,721,'1997-12-21 00:00:00','domingo'),(722,722,'1997-12-22 00:00:00','lunes'),(723,723,'1997-12-23 00:00:00','martes'),(724,724,'1997-12-24 00:00:00','miércoles'),(725,725,'1997-12-25 00:00:00','jueves'),(726,726,'1997-12-26 00:00:00','viernes'),(727,727,'1997-12-27 00:00:00','sábado'),(728,728,'1997-12-28 00:00:00','domingo'),(729,729,'1997-12-29 00:00:00','lunes'),(730,730,'1997-12-30 00:00:00','martes'),(731,731,'1997-12-31 00:00:00','miércoles'),(732,732,'1998-01-01 00:00:00','jueves'),(733,733,'1998-01-02 00:00:00','viernes'),(734,734,'1998-01-03 00:00:00','sábado'),(735,735,'1998-01-04 00:00:00','domingo'),(736,736,'1998-01-05 00:00:00','lunes'),(737,737,'1998-01-06 00:00:00','martes'),(738,738,'1998-01-07 00:00:00','miércoles'),(739,739,'1998-01-08 00:00:00','jueves'),(740,740,'1998-01-09 00:00:00','viernes'),(741,741,'1998-01-10 00:00:00','sábado'),(742,742,'1998-01-11 00:00:00','domingo'),(743,743,'1998-01-12 00:00:00','lunes'),(744,744,'1998-01-13 00:00:00','martes'),(745,745,'1998-01-14 00:00:00','miércoles'),(746,746,'1998-01-15 00:00:00','jueves'),(747,747,'1998-01-16 00:00:00','viernes'),(748,748,'1998-01-17 00:00:00','sábado'),(749,749,'1998-01-18 00:00:00','domingo'),(750,750,'1998-01-19 00:00:00','lunes'),(751,751,'1998-01-20 00:00:00','martes'),(752,752,'1998-01-21 00:00:00','miércoles'),(753,753,'1998-01-22 00:00:00','jueves'),(754,754,'1998-01-23 00:00:00','viernes'),(755,755,'1998-01-24 00:00:00','sábado'),(756,756,'1998-01-25 00:00:00','domingo'),(757,757,'1998-01-26 00:00:00','lunes'),(758,758,'1998-01-27 00:00:00','martes'),(759,759,'1998-01-28 00:00:00','miércoles'),(760,760,'1998-01-29 00:00:00','jueves'),(761,761,'1998-01-30 00:00:00','viernes'),(762,762,'1998-01-31 00:00:00','sábado'),(763,763,'1998-02-01 00:00:00','domingo'),(764,764,'1998-02-02 00:00:00','lunes'),(765,765,'1998-02-03 00:00:00','martes'),(766,766,'1998-02-04 00:00:00','miércoles'),(767,767,'1998-02-05 00:00:00','jueves'),(768,768,'1998-02-06 00:00:00','viernes'),(769,769,'1998-02-07 00:00:00','sábado'),(770,770,'1998-02-08 00:00:00','domingo'),(771,771,'1998-02-09 00:00:00','lunes'),(772,772,'1998-02-10 00:00:00','martes'),(773,773,'1998-02-11 00:00:00','miércoles'),(774,774,'1998-02-12 00:00:00','jueves'),(775,775,'1998-02-13 00:00:00','viernes'),(776,776,'1998-02-14 00:00:00','sábado'),(777,777,'1998-02-15 00:00:00','domingo'),(778,778,'1998-02-16 00:00:00','lunes'),(779,779,'1998-02-17 00:00:00','martes'),(780,780,'1998-02-18 00:00:00','miércoles'),(781,781,'1998-02-19 00:00:00','jueves'),(782,782,'1998-02-20 00:00:00','viernes'),(783,783,'1998-02-21 00:00:00','sábado'),(784,784,'1998-02-22 00:00:00','domingo'),(785,785,'1998-02-23 00:00:00','lunes'),(786,786,'1998-02-24 00:00:00','martes'),(787,787,'1998-02-25 00:00:00','miércoles'),(788,788,'1998-02-26 00:00:00','jueves'),(789,789,'1998-02-27 00:00:00','viernes'),(790,790,'1998-02-28 00:00:00','sábado'),(791,791,'1998-03-01 00:00:00','domingo'),(792,792,'1998-03-02 00:00:00','lunes'),(793,793,'1998-03-03 00:00:00','martes'),(794,794,'1998-03-04 00:00:00','miércoles'),(795,795,'1998-03-05 00:00:00','jueves'),(796,796,'1998-03-06 00:00:00','viernes'),(797,797,'1998-03-07 00:00:00','sábado'),(798,798,'1998-03-08 00:00:00','domingo'),(799,799,'1998-03-09 00:00:00','lunes'),(800,800,'1998-03-10 00:00:00','martes'),(801,801,'1998-03-11 00:00:00','miércoles'),(802,802,'1998-03-12 00:00:00','jueves'),(803,803,'1998-03-13 00:00:00','viernes'),(804,804,'1998-03-14 00:00:00','sábado'),(805,805,'1998-03-15 00:00:00','domingo'),(806,806,'1998-03-16 00:00:00','lunes'),(807,807,'1998-03-17 00:00:00','martes'),(808,808,'1998-03-18 00:00:00','miércoles'),(809,809,'1998-03-19 00:00:00','jueves'),(810,810,'1998-03-20 00:00:00','viernes'),(811,811,'1998-03-21 00:00:00','sábado'),(812,812,'1998-03-22 00:00:00','domingo'),(813,813,'1998-03-23 00:00:00','lunes'),(814,814,'1998-03-24 00:00:00','martes'),(815,815,'1998-03-25 00:00:00','miércoles'),(816,816,'1998-03-26 00:00:00','jueves'),(817,817,'1998-03-27 00:00:00','viernes'),(818,818,'1998-03-28 00:00:00','sábado'),(819,819,'1998-03-29 00:00:00','domingo'),(820,820,'1998-03-30 00:00:00','lunes'),(821,821,'1998-03-31 00:00:00','martes'),(822,822,'1998-04-01 00:00:00','miércoles'),(823,823,'1998-04-02 00:00:00','jueves'),(824,824,'1998-04-03 00:00:00','viernes'),(825,825,'1998-04-04 00:00:00','sábado'),(826,826,'1998-04-05 00:00:00','domingo'),(827,827,'1998-04-06 00:00:00','lunes'),(828,828,'1998-04-07 00:00:00','martes'),(829,829,'1998-04-08 00:00:00','miércoles'),(830,830,'1998-04-09 00:00:00','jueves'),(831,831,'1998-04-10 00:00:00','viernes'),(832,832,'1998-04-11 00:00:00','sábado'),(833,833,'1998-04-12 00:00:00','domingo'),(834,834,'1998-04-13 00:00:00','lunes'),(835,835,'1998-04-14 00:00:00','martes'),(836,836,'1998-04-15 00:00:00','miércoles'),(837,837,'1998-04-16 00:00:00','jueves'),(838,838,'1998-04-17 00:00:00','viernes'),(839,839,'1998-04-18 00:00:00','sábado'),(840,840,'1998-04-19 00:00:00','domingo'),(841,841,'1998-04-20 00:00:00','lunes'),(842,842,'1998-04-21 00:00:00','martes'),(843,843,'1998-04-22 00:00:00','miércoles'),(844,844,'1998-04-23 00:00:00','jueves'),(845,845,'1998-04-24 00:00:00','viernes'),(846,846,'1998-04-25 00:00:00','sábado'),(847,847,'1998-04-26 00:00:00','domingo'),(848,848,'1998-04-27 00:00:00','lunes'),(849,849,'1998-04-28 00:00:00','martes'),(850,850,'1998-04-29 00:00:00','miércoles'),(851,851,'1998-04-30 00:00:00','jueves'),(852,852,'1998-05-01 00:00:00','viernes'),(853,853,'1998-05-02 00:00:00','sábado'),(854,854,'1998-05-03 00:00:00','domingo'),(855,855,'1998-05-04 00:00:00','lunes'),(856,856,'1998-05-05 00:00:00','martes'),(857,857,'1998-05-06 00:00:00','miércoles'),(858,858,'1998-05-07 00:00:00','jueves'),(859,859,'1998-05-08 00:00:00','viernes'),(860,860,'1998-05-09 00:00:00','sábado'),(861,861,'1998-05-10 00:00:00','domingo'),(862,862,'1998-05-11 00:00:00','lunes'),(863,863,'1998-05-12 00:00:00','martes'),(864,864,'1998-05-13 00:00:00','miércoles'),(865,865,'1998-05-14 00:00:00','jueves'),(866,866,'1998-05-15 00:00:00','viernes'),(867,867,'1998-05-16 00:00:00','sábado'),(868,868,'1998-05-17 00:00:00','domingo'),(869,869,'1998-05-18 00:00:00','lunes'),(870,870,'1998-05-19 00:00:00','martes'),(871,871,'1998-05-20 00:00:00','miércoles'),(872,872,'1998-05-21 00:00:00','jueves'),(873,873,'1998-05-22 00:00:00','viernes'),(874,874,'1998-05-23 00:00:00','sábado'),(875,875,'1998-05-24 00:00:00','domingo'),(876,876,'1998-05-25 00:00:00','lunes'),(877,877,'1998-05-26 00:00:00','martes'),(878,878,'1998-05-27 00:00:00','miércoles'),(879,879,'1998-05-28 00:00:00','jueves'),(880,880,'1998-05-29 00:00:00','viernes'),(881,881,'1998-05-30 00:00:00','sábado'),(882,882,'1998-05-31 00:00:00','domingo'),(883,883,'1998-06-01 00:00:00','lunes'),(884,884,'1998-06-02 00:00:00','martes'),(885,885,'1998-06-03 00:00:00','miércoles'),(886,886,'1998-06-04 00:00:00','jueves'),(887,887,'1998-06-05 00:00:00','viernes'),(888,888,'1998-06-06 00:00:00','sábado'),(889,889,'1998-06-07 00:00:00','domingo'),(890,890,'1998-06-08 00:00:00','lunes'),(891,891,'1998-06-09 00:00:00','martes'),(892,892,'1998-06-10 00:00:00','miércoles'),(893,893,'1998-06-11 00:00:00','jueves'),(894,894,'1998-06-12 00:00:00','viernes'),(895,895,'1998-06-13 00:00:00','sábado'),(896,896,'1998-06-14 00:00:00','domingo'),(897,897,'1998-06-15 00:00:00','lunes'),(898,898,'1998-06-16 00:00:00','martes'),(899,899,'1998-06-17 00:00:00','miércoles'),(900,900,'1998-06-18 00:00:00','jueves'),(901,901,'1998-06-19 00:00:00','viernes'),(902,902,'1998-06-20 00:00:00','sábado'),(903,903,'1998-06-21 00:00:00','domingo'),(904,904,'1998-06-22 00:00:00','lunes'),(905,905,'1998-06-23 00:00:00','martes'),(906,906,'1998-06-24 00:00:00','miércoles'),(907,907,'1998-06-25 00:00:00','jueves'),(908,908,'1998-06-26 00:00:00','viernes'),(909,909,'1998-06-27 00:00:00','sábado'),(910,910,'1998-06-28 00:00:00','domingo'),(911,911,'1998-06-29 00:00:00','lunes'),(912,912,'1998-06-30 00:00:00','martes'),(913,913,'1998-07-01 00:00:00','miércoles'),(914,914,'1998-07-02 00:00:00','jueves'),(915,915,'1998-07-03 00:00:00','viernes'),(916,916,'1998-07-04 00:00:00','sábado'),(917,917,'1998-07-05 00:00:00','domingo'),(918,918,'1998-07-06 00:00:00','lunes'),(919,919,'1998-07-07 00:00:00','martes'),(920,920,'1998-07-08 00:00:00','miércoles'),(921,921,'1998-07-09 00:00:00','jueves'),(922,922,'1998-07-10 00:00:00','viernes'),(923,923,'1998-07-11 00:00:00','sábado'),(924,924,'1998-07-12 00:00:00','domingo'),(925,925,'1998-07-13 00:00:00','lunes'),(926,926,'1998-07-14 00:00:00','martes'),(927,927,'1998-07-15 00:00:00','miércoles'),(928,928,'1998-07-16 00:00:00','jueves'),(929,929,'1998-07-17 00:00:00','viernes'),(930,930,'1998-07-18 00:00:00','sábado'),(931,931,'1998-07-19 00:00:00','domingo'),(932,932,'1998-07-20 00:00:00','lunes'),(933,933,'1998-07-21 00:00:00','martes'),(934,934,'1998-07-22 00:00:00','miércoles'),(935,935,'1998-07-23 00:00:00','jueves'),(936,936,'1998-07-24 00:00:00','viernes'),(937,937,'1998-07-25 00:00:00','sábado'),(938,938,'1998-07-26 00:00:00','domingo'),(939,939,'1998-07-27 00:00:00','lunes'),(940,940,'1998-07-28 00:00:00','martes'),(941,941,'1998-07-29 00:00:00','miércoles'),(942,942,'1998-07-30 00:00:00','jueves'),(943,943,'1998-07-31 00:00:00','viernes'),(944,944,'1998-08-01 00:00:00','sábado'),(945,945,'1998-08-02 00:00:00','domingo'),(946,946,'1998-08-03 00:00:00','lunes'),(947,947,'1998-08-04 00:00:00','martes'),(948,948,'1998-08-05 00:00:00','miércoles'),(949,949,'1998-08-06 00:00:00','jueves'),(950,950,'1998-08-07 00:00:00','viernes'),(951,951,'1998-08-08 00:00:00','sábado'),(952,952,'1998-08-09 00:00:00','domingo'),(953,953,'1998-08-10 00:00:00','lunes'),(954,954,'1998-08-11 00:00:00','martes'),(955,955,'1998-08-12 00:00:00','miércoles'),(956,956,'1998-08-13 00:00:00','jueves'),(957,957,'1998-08-14 00:00:00','viernes'),(958,958,'1998-08-15 00:00:00','sábado'),(959,959,'1998-08-16 00:00:00','domingo'),(960,960,'1998-08-17 00:00:00','lunes'),(961,961,'1998-08-18 00:00:00','martes'),(962,962,'1998-08-19 00:00:00','miércoles'),(963,963,'1998-08-20 00:00:00','jueves'),(964,964,'1998-08-21 00:00:00','viernes'),(965,965,'1998-08-22 00:00:00','sábado'),(966,966,'1998-08-23 00:00:00','domingo'),(967,967,'1998-08-24 00:00:00','lunes'),(968,968,'1998-08-25 00:00:00','martes'),(969,969,'1998-08-26 00:00:00','miércoles'),(970,970,'1998-08-27 00:00:00','jueves'),(971,971,'1998-08-28 00:00:00','viernes'),(972,972,'1998-08-29 00:00:00','sábado'),(973,973,'1998-08-30 00:00:00','domingo'),(974,974,'1998-08-31 00:00:00','lunes'),(975,975,'1998-09-01 00:00:00','martes'),(976,976,'1998-09-02 00:00:00','miércoles'),(977,977,'1998-09-03 00:00:00','jueves'),(978,978,'1998-09-04 00:00:00','viernes'),(979,979,'1998-09-05 00:00:00','sábado'),(980,980,'1998-09-06 00:00:00','domingo'),(981,981,'1998-09-07 00:00:00','lunes'),(982,982,'1998-09-08 00:00:00','martes'),(983,983,'1998-09-09 00:00:00','miércoles'),(984,984,'1998-09-10 00:00:00','jueves'),(985,985,'1998-09-11 00:00:00','viernes'),(986,986,'1998-09-12 00:00:00','sábado'),(987,987,'1998-09-13 00:00:00','domingo'),(988,988,'1998-09-14 00:00:00','lunes'),(989,989,'1998-09-15 00:00:00','martes'),(990,990,'1998-09-16 00:00:00','miércoles'),(991,991,'1998-09-17 00:00:00','jueves'),(992,992,'1998-09-18 00:00:00','viernes'),(993,993,'1998-09-19 00:00:00','sábado'),(994,994,'1998-09-20 00:00:00','domingo'),(995,995,'1998-09-21 00:00:00','lunes'),(996,996,'1998-09-22 00:00:00','martes'),(997,997,'1998-09-23 00:00:00','miércoles'),(998,998,'1998-09-24 00:00:00','jueves'),(999,999,'1998-09-25 00:00:00','viernes'),(1000,1000,'1998-09-26 00:00:00','sábado'),(1001,1001,'1998-09-27 00:00:00','domingo'),(1002,1002,'1998-09-28 00:00:00','lunes'),(1003,1003,'1998-09-29 00:00:00','martes'),(1004,1004,'1998-09-30 00:00:00','miércoles'),(1005,1005,'1998-10-01 00:00:00','jueves'),(1006,1006,'1998-10-02 00:00:00','viernes'),(1007,1007,'1998-10-03 00:00:00','sábado'),(1008,1008,'1998-10-04 00:00:00','domingo'),(1009,1009,'1998-10-05 00:00:00','lunes'),(1010,1010,'1998-10-06 00:00:00','martes'),(1011,1011,'1998-10-07 00:00:00','miércoles'),(1012,1012,'1998-10-08 00:00:00','jueves'),(1013,1013,'1998-10-09 00:00:00','viernes'),(1014,1014,'1998-10-10 00:00:00','sábado'),(1015,1015,'1998-10-11 00:00:00','domingo'),(1016,1016,'1998-10-12 00:00:00','lunes'),(1017,1017,'1998-10-13 00:00:00','martes'),(1018,1018,'1998-10-14 00:00:00','miércoles'),(1019,1019,'1998-10-15 00:00:00','jueves'),(1020,1020,'1998-10-16 00:00:00','viernes'),(1021,1021,'1998-10-17 00:00:00','sábado'),(1022,1022,'1998-10-18 00:00:00','domingo'),(1023,1023,'1998-10-19 00:00:00','lunes'),(1024,1024,'1998-10-20 00:00:00','martes'),(1025,1025,'1998-10-21 00:00:00','miércoles'),(1026,1026,'1998-10-22 00:00:00','jueves'),(1027,1027,'1998-10-23 00:00:00','viernes'),(1028,1028,'1998-10-24 00:00:00','sábado'),(1029,1029,'1998-10-25 00:00:00','domingo'),(1030,1030,'1998-10-26 00:00:00','lunes'),(1031,1031,'1998-10-27 00:00:00','martes'),(1032,1032,'1998-10-28 00:00:00','miércoles'),(1033,1033,'1998-10-29 00:00:00','jueves'),(1034,1034,'1998-10-30 00:00:00','viernes'),(1035,1035,'1998-10-31 00:00:00','sábado'),(1036,1036,'1998-11-01 00:00:00','domingo'),(1037,1037,'1998-11-02 00:00:00','lunes'),(1038,1038,'1998-11-03 00:00:00','martes'),(1039,1039,'1998-11-04 00:00:00','miércoles'),(1040,1040,'1998-11-05 00:00:00','jueves'),(1041,1041,'1998-11-06 00:00:00','viernes'),(1042,1042,'1998-11-07 00:00:00','sábado'),(1043,1043,'1998-11-08 00:00:00','domingo'),(1044,1044,'1998-11-09 00:00:00','lunes'),(1045,1045,'1998-11-10 00:00:00','martes'),(1046,1046,'1998-11-11 00:00:00','miércoles'),(1047,1047,'1998-11-12 00:00:00','jueves'),(1048,1048,'1998-11-13 00:00:00','viernes'),(1049,1049,'1998-11-14 00:00:00','sábado'),(1050,1050,'1998-11-15 00:00:00','domingo'),(1051,1051,'1998-11-16 00:00:00','lunes'),(1052,1052,'1998-11-17 00:00:00','martes'),(1053,1053,'1998-11-18 00:00:00','miércoles'),(1054,1054,'1998-11-19 00:00:00','jueves'),(1055,1055,'1998-11-20 00:00:00','viernes'),(1056,1056,'1998-11-21 00:00:00','sábado'),(1057,1057,'1998-11-22 00:00:00','domingo'),(1058,1058,'1998-11-23 00:00:00','lunes'),(1059,1059,'1998-11-24 00:00:00','martes'),(1060,1060,'1998-11-25 00:00:00','miércoles'),(1061,1061,'1998-11-26 00:00:00','jueves'),(1062,1062,'1998-11-27 00:00:00','viernes'),(1063,1063,'1998-11-28 00:00:00','sábado'),(1064,1064,'1998-11-29 00:00:00','domingo'),(1065,1065,'1998-11-30 00:00:00','lunes'),(1066,1066,'1998-12-01 00:00:00','martes'),(1067,1067,'1998-12-02 00:00:00','miércoles'),(1068,1068,'1998-12-03 00:00:00','jueves'),(1069,1069,'1998-12-04 00:00:00','viernes'),(1070,1070,'1998-12-05 00:00:00','sábado'),(1071,1071,'1998-12-06 00:00:00','domingo'),(1072,1072,'1998-12-07 00:00:00','lunes'),(1073,1073,'1998-12-08 00:00:00','martes'),(1074,1074,'1998-12-09 00:00:00','miércoles'),(1075,1075,'1998-12-10 00:00:00','jueves'),(1076,1076,'1998-12-11 00:00:00','viernes'),(1077,1077,'1998-12-12 00:00:00','sábado'),(1078,1078,'1998-12-13 00:00:00','domingo'),(1079,1079,'1998-12-14 00:00:00','lunes'),(1080,1080,'1998-12-15 00:00:00','martes'),(1081,1081,'1998-12-16 00:00:00','miércoles'),(1082,1082,'1998-12-17 00:00:00','jueves'),(1083,1083,'1998-12-18 00:00:00','viernes'),(1084,1084,'1998-12-19 00:00:00','sábado'),(1085,1085,'1998-12-20 00:00:00','domingo'),(1086,1086,'1998-12-21 00:00:00','lunes'),(1087,1087,'1998-12-22 00:00:00','martes'),(1088,1088,'1998-12-23 00:00:00','miércoles'),(1089,1089,'1998-12-24 00:00:00','jueves'),(1090,1090,'1998-12-25 00:00:00','viernes'),(1091,1091,'1998-12-26 00:00:00','sábado'),(1092,1092,'1998-12-27 00:00:00','domingo'),(1093,1093,'1998-12-28 00:00:00','lunes'),(1094,1094,'1998-12-29 00:00:00','martes'),(1095,1095,'1998-12-30 00:00:00','miércoles'),(1096,1096,'1998-12-31 00:00:00','jueves');
/*!40000 ALTER TABLE `dim_tiempo` ENABLE KEYS */;
UNLOCK TABLES;

--
-- Table structure for table `dim_tratamientoEmpleado`
--

DROP TABLE IF EXISTS `dim_tratamientoEmpleado`;
/*!40101 SET @saved_cs_client     = @@character_set_client */;
/*!40101 SET character_set_client = utf8 */;
CREATE TABLE `dim_tratamientoEmpleado` (
  `id_tratamiento` int(11) NOT NULL AUTO_INCREMENT,
  `nombre_tratamiento` varchar(64) DEFAULT NULL,
  PRIMARY KEY (`id_tratamiento`)
) ENGINE=InnoDB AUTO_INCREMENT=5 DEFAULT CHARSET=utf8mb4 COLLATE=utf8mb4_0900_ai_ci;
/*!40101 SET character_set_client = @saved_cs_client */;

--
-- Dumping data for table `dim_tratamientoEmpleado`
--

LOCK TABLES `dim_tratamientoEmpleado` WRITE;
/*!40000 ALTER TABLE `dim_tratamientoEmpleado` DISABLE KEYS */;
INSERT INTO `dim_tratamientoEmpleado` VALUES (1,'Srta.'),(2,'Dr.'),(3,'Sra.'),(4,'Sr.');
/*!40000 ALTER TABLE `dim_tratamientoEmpleado` ENABLE KEYS */;
UNLOCK TABLES;

--
-- Table structure for table `dim_trimestre`
--

DROP TABLE IF EXISTS `dim_trimestre`;
/*!40101 SET @saved_cs_client     = @@character_set_client */;
/*!40101 SET character_set_client = utf8 */;
CREATE TABLE `dim_trimestre` (
  `id_trimestre` int(11) NOT NULL AUTO_INCREMENT,
  `id_anio` int(11) NOT NULL,
  `nro_trimestre` int(11) NOT NULL,
  `nombre_trimestre` varchar(30) NOT NULL,
  PRIMARY KEY (`id_trimestre`)
) ENGINE=InnoDB AUTO_INCREMENT=13 DEFAULT CHARSET=utf8mb4 COLLATE=utf8mb4_0900_ai_ci;
/*!40101 SET character_set_client = @saved_cs_client */;

--
-- Dumping data for table `dim_trimestre`
--

LOCK TABLES `dim_trimestre` WRITE;
/*!40000 ALTER TABLE `dim_trimestre` DISABLE KEYS */;
INSERT INTO `dim_trimestre` VALUES (1,1,1,'Primero'),(2,1,2,'Segundo'),(3,1,3,'Tercero'),(4,1,4,'Cuarto'),(5,2,1,'Primero'),(6,2,2,'Segundo'),(7,2,3,'Tercero'),(8,2,4,'Cuarto'),(9,3,1,'Primero'),(10,3,2,'Segundo'),(11,3,3,'Tercero'),(12,3,4,'Cuarto');
/*!40000 ALTER TABLE `dim_trimestre` ENABLE KEYS */;
UNLOCK TABLES;

--
-- Table structure for table `fact_presupuesto`
--

DROP TABLE IF EXISTS `fact_presupuesto`;
/*!40101 SET @saved_cs_client     = @@character_set_client */;
/*!40101 SET character_set_client = utf8 */;
CREATE TABLE `fact_presupuesto` (
  `id_presupuesto` int(11) NOT NULL AUTO_INCREMENT,
  `id_pais_presupuesto` int(11) NOT NULL,
  `id_categoria` int(11) NOT NULL,
  `id_mes` int(11) NOT NULL,
  `importe` int(11) DEFAULT NULL,
  PRIMARY KEY (`id_presupuesto`)
) ENGINE=InnoDB DEFAULT CHARSET=utf8mb4 COLLATE=utf8mb4_0900_ai_ci;
/*!40101 SET character_set_client = @saved_cs_client */;

--
-- Dumping data for table `fact_presupuesto`
--

LOCK TABLES `fact_presupuesto` WRITE;
/*!40000 ALTER TABLE `fact_presupuesto` DISABLE KEYS */;
/*!40000 ALTER TABLE `fact_presupuesto` ENABLE KEYS */;
UNLOCK TABLES;

--
-- Table structure for table `fact_ventas`
--

DROP TABLE IF EXISTS `fact_ventas`;
/*!40101 SET @saved_cs_client     = @@character_set_client */;
/*!40101 SET character_set_client = utf8 */;
CREATE TABLE `fact_ventas` (
  `id_venta` int(11) NOT NULL AUTO_INCREMENT,
  `id_cliente` int(11) NOT NULL,
  `id_empleado` int(11) NOT NULL,
  `id_fecha_pedido` int(11) NOT NULL,
  `id_fecha_entrega` int(11) NOT NULL,
  `id_fecha_envio` int(11) NOT NULL,
  `id_compania_envios` int(11) NOT NULL,
  `id_producto` int(11) NOT NULL,
  `codigo_venta` int(11) DEFAULT NULL,
  `cargo_envio` double DEFAULT NULL,
  `precio_venta` double DEFAULT NULL,
  `cantidad` int(11) DEFAULT NULL,
  `descuento` double DEFAULT NULL,
  `total_venta` double DEFAULT NULL,
  PRIMARY KEY (`id_venta`)
) ENGINE=InnoDB AUTO_INCREMENT=831 DEFAULT CHARSET=utf8mb4 COLLATE=utf8mb4_0900_ai_ci;
/*!40101 SET character_set_client = @saved_cs_client */;

--
-- Dumping data for table `fact_ventas`
--

LOCK TABLES `fact_ventas` WRITE;
/*!40000 ALTER TABLE `fact_ventas` DISABLE KEYS */;
INSERT INTO `fact_ventas` VALUES (1,90,5,186,214,198,3,72,10248,32.38,34.8,5,0,174),(2,79,6,187,229,192,1,51,10249,11.61,42.4,40,0,1696),(3,34,4,190,218,194,2,65,10250,65.83,16.8,15,0.15,252),(4,84,3,190,218,197,1,65,10251,41.34,16.8,20,0,336),(5,76,4,191,219,193,2,60,10252,51.3,27.2,40,0,1088),(6,34,3,192,206,198,2,49,10253,58.17,16,40,0,640),(7,14,5,193,221,205,2,74,10254,22.98,8,21,0,168),(8,68,9,194,222,197,3,59,10255,148.33,44,30,0,1320),(9,88,3,197,225,199,2,77,10256,13.97,10.4,12,0,124.80000000000001),(10,35,4,198,226,204,3,77,10257,81.91,10.4,15,0,156),(11,20,1,199,227,205,1,32,10258,140.51,25.6,6,0.2,153.60000000000002),(12,13,4,200,228,207,3,37,10259,3.25,20.8,1,0,20.8),(13,56,4,201,229,211,1,70,10260,55.09,12,21,0.25,252),(14,61,4,201,229,212,2,35,10261,3.05,14.4,20,0,288),(15,65,8,204,232,207,3,56,10262,48.29,30.4,2,0,60.8),(16,20,9,205,233,213,3,74,10263,146.06,8,36,0.25,288),(17,24,6,206,234,236,3,41,10264,3.67,7.7,25,0.15,192.5),(18,7,2,207,235,225,1,70,10265,55.28,12,20,0,240),(19,87,3,208,250,213,3,12,10266,25.73,30.4,12,0.05,364.79999999999995),(20,25,4,211,239,219,1,76,10267,208.58,14.4,15,0.15,216),(21,33,8,212,240,215,3,72,10268,66.29,27.8,4,0,111.2),(22,89,5,213,227,222,1,72,10269,4.56,27.8,20,0.05,556),(23,87,1,214,242,215,1,43,10270,136.54,36.8,25,0,919.9999999999999),(24,75,6,214,242,243,2,33,10271,4.54,2,24,0,48),(25,65,6,215,243,219,2,72,10272,98.03,27.8,24,0,667.2),(26,63,3,218,246,225,3,76,10273,76.07,14.4,33,0.05,475.2),(27,85,6,219,247,229,1,72,10274,6.01,27.8,7,0,194.6),(28,49,1,220,248,222,1,59,10275,26.93,44,6,0.05,264),(29,80,8,221,235,227,3,13,10276,13.84,4.8,10,0,48),(30,52,2,222,250,226,3,62,10277,125.77,39.4,12,0,472.79999999999995),(31,5,8,225,253,229,2,73,10278,92.69,12,25,0,300),(32,44,8,226,254,229,2,17,10279,25.83,31.2,15,0.25,468),(33,5,2,227,255,256,1,75,10280,8.98,6.2,30,0,186),(34,69,4,227,241,234,1,35,10281,2.94,14.4,4,0,57.6),(35,69,4,228,256,234,1,57,10282,12.69,15.6,2,0,31.2),(36,46,3,229,257,236,3,72,10283,84.81,27.8,3,0,83.4),(37,44,4,232,260,240,1,67,10284,76.56,11.2,5,0.25,56),(38,63,1,233,261,239,2,53,10285,76.83,26.2,36,0.2,943.1999999999999),(39,63,8,234,262,243,3,62,10286,229.24,39.4,40,0,1576),(40,67,8,235,263,241,3,46,10287,12.76,9.6,15,0.15,144),(41,66,4,236,264,247,1,68,10288,7.45,10,3,0.1,30),(42,11,7,239,267,241,3,64,10289,22.77,26.6,9,0,239.4),(43,15,8,240,268,247,1,77,10290,79.7,10.4,10,0,104),(44,61,6,240,268,248,2,51,10291,6.4,42.4,2,0.1,84.8),(45,81,1,241,269,246,2,20,10292,1.35,64.8,20,0,1296),(46,80,1,242,270,255,3,75,10293,21.18,6.2,6,0,37.2),(47,65,4,243,271,249,2,75,10294,147.26,6.2,6,0,37.2),(48,85,2,246,274,254,2,56,10295,1.15,30.4,4,0,121.6),(49,46,6,247,275,255,1,69,10296,0.12,28.8,15,0,432),(50,7,5,248,290,254,2,72,10297,5.74,27.8,20,0,556),(51,37,6,249,277,255,2,62,10298,168.22,39.4,15,0,591),(52,67,4,250,278,257,2,70,10299,29.76,12,20,0,240),(53,49,2,253,281,262,2,68,10300,17.68,10,20,0,200),(54,86,8,253,281,261,2,56,10301,45.08,30.4,20,0,608),(55,76,4,254,282,283,2,43,10302,6.27,36.8,12,0,441.59999999999997),(56,30,7,255,283,262,2,68,10303,107.83,10,15,0.1,150),(57,80,1,256,284,261,2,71,10304,63.79,17.2,2,0,34.4),(58,55,8,257,285,283,3,39,10305,257.62,14.4,30,0.1,432),(59,69,1,260,288,267,3,54,10306,7.56,5.9,5,0,29.5),(60,48,2,261,289,269,2,68,10307,0.56,10,3,0,30),(61,2,7,262,290,268,3,70,10308,1.61,12,5,0,60),(62,37,3,263,291,297,1,71,10309,47.3,17.2,3,0,51.599999999999994),(63,77,8,264,292,271,2,62,10310,17.52,39.4,5,0,197),(64,18,1,264,278,270,3,69,10311,24.69,28.8,7,0,201.6),(65,86,2,267,295,277,2,75,10312,40.26,6.2,10,0,62),(66,63,2,268,296,278,2,36,10313,1.96,15.2,12,0,182.39999999999998),(67,65,1,269,297,278,2,62,10314,74.16,39.4,25,0.1,985),(68,38,4,270,298,277,2,70,10315,41.76,12,30,0,360),(69,65,1,271,299,282,3,62,10316,150.15,39.4,70,0,2758),(70,48,6,274,302,284,1,1,10317,12.69,14.4,20,0,288),(71,38,8,275,303,278,2,76,10318,4.73,14.4,6,0,86.4),(72,80,7,276,304,285,3,76,10319,64.5,14.4,30,0,432),(73,87,5,277,291,292,3,71,10320,34.57,17.2,30,0,516),(74,38,3,277,305,285,2,35,10321,3.43,14.4,10,0,144),(75,58,7,278,306,297,3,52,10322,0.4,5.6,20,0,112),(76,39,4,281,309,288,1,39,10323,4.88,14.4,4,0,57.6),(77,71,9,282,310,284,1,63,10324,214.27,35.1,80,0.15,2808),(78,39,1,283,297,288,3,72,10325,64.86,27.8,40,0,1112),(79,8,4,284,312,288,2,75,10326,77.92,6.2,50,0,310),(80,24,2,285,313,288,1,58,10327,63.36,10.6,30,0.2,318),(81,28,4,288,316,291,3,68,10328,87.03,10,10,0,100),(82,75,4,289,331,297,2,56,10329,191.67,30.4,12,0.05,364.79999999999995),(83,46,3,290,318,302,1,72,10330,12.75,27.8,25,0.15,695),(84,9,9,290,332,295,1,54,10331,10.19,5.9,15,0,88.5),(85,51,3,291,333,295,2,47,10332,52.84,7.6,16,0.2,121.6),(86,87,5,292,320,299,3,71,10333,0.59,17.2,40,0.1,688),(87,84,8,295,323,302,2,68,10334,8.56,10,10,0,100),(88,37,7,296,324,298,2,51,10335,42.11,42.4,48,0.2,2035.1999999999998),(89,60,7,297,325,299,2,4,10336,15.51,17.6,18,0.1,316.8),(90,25,4,298,326,303,3,72,10337,108.26,27.8,25,0,695),(91,55,4,299,327,303,3,30,10338,84.21,20.7,15,0,310.5),(92,51,2,302,330,309,2,62,10339,15.66,39.4,28,0,1103.2),(93,9,1,303,331,313,3,43,10340,166.31,36.8,40,0.05,1472),(94,73,7,303,331,310,3,59,10341,26.78,44,9,0.15,396),(95,25,4,304,318,309,2,55,10342,54.83,19.2,40,0.2,768),(96,44,4,305,333,311,1,76,10343,110.37,14.4,15,0,216),(97,89,4,306,334,310,2,8,10344,23.29,32,70,0.25,2240),(98,63,2,309,337,316,2,42,10345,249.06,11.2,9,0,100.8),(99,65,3,310,352,313,3,56,10346,142.08,30.4,20,0,608),(100,21,4,311,339,313,3,75,10347,3.1,6.2,6,0.15,37.2),(101,86,4,312,340,320,2,23,10348,0.78,7.2,25,0,180),(102,75,7,313,341,320,1,54,10349,8.63,5.9,24,0,141.60000000000002),(103,41,6,316,344,338,2,69,10350,64.19,28.8,18,0.1,518.4),(104,20,1,316,344,325,1,65,10351,162.33,16.8,10,0.05,168),(105,28,3,317,331,323,3,54,10352,1.3,5.9,20,0.15,118),(106,59,7,318,346,330,3,38,10353,360.63,210.8,50,0.2,10540),(107,58,8,319,347,325,3,29,10354,53.8,99,4,0,396),(108,4,6,320,348,325,1,57,10355,41.95,15.6,25,0,390),(109,86,6,323,351,332,2,69,10356,36.71,28.8,20,0,576),(110,46,1,324,352,337,3,60,10357,34.88,27.2,8,0.2,217.6),(111,41,5,325,353,332,1,36,10358,19.64,15.2,20,0.05,304),(112,72,5,326,354,331,3,60,10359,288.43,27.2,80,0.05,2176),(113,7,4,327,355,337,3,54,10360,131.7,5.9,28,0,165.20000000000002),(114,63,1,327,355,338,2,60,10361,183.17,27.2,55,0.1,1496),(115,9,3,330,358,333,1,54,10362,96.04,5.9,24,0,141.60000000000002),(116,17,4,331,359,339,3,76,10363,30.54,14.4,12,0,172.8),(117,19,1,331,373,339,1,71,10364,71.97,17.2,5,0,86),(118,3,3,332,360,337,2,11,10365,22,16.8,24,0,403.20000000000005),(119,29,8,333,375,365,2,77,10366,10.14,10.4,5,0,52),(120,83,7,333,361,337,3,77,10367,13.55,10.4,7,0,72.8),(121,20,2,334,362,337,2,64,10368,101.95,26.6,35,0.1,931),(122,75,8,337,365,344,2,56,10369,195.68,30.4,18,0.25,547.1999999999999),(123,14,6,338,366,362,2,74,10370,1.17,8,20,0.15,160),(124,41,1,338,366,359,1,36,10371,0.45,15.2,6,0.2,91.19999999999999),(125,62,5,339,367,344,2,72,10372,890.78,27.8,42,0.25,1167.6000000000001),(126,37,4,340,368,346,3,71,10373,124.12,17.2,50,0.2,860),(127,91,1,340,368,344,3,58,10374,3.94,10.6,15,0,159),(128,36,3,341,369,344,2,54,10375,20.12,5.9,10,0,59),(129,51,1,344,372,348,2,31,10376,20.39,10,42,0.05,420),(130,72,1,344,372,348,3,39,10377,22.21,14.4,20,0.15,288),(131,24,5,345,373,354,3,71,10378,5.44,17.2,6,0,103.19999999999999),(132,61,2,346,374,348,1,65,10379,45.03,16.8,20,0.1,336),(133,37,8,347,375,382,3,70,10380,35.03,12,30,0,360),(134,46,3,347,375,348,3,74,10381,7.99,8,14,0,112),(135,20,4,348,376,351,1,74,10382,94.77,8,50,0,400),(136,4,8,351,379,353,3,56,10383,34.24,30.4,20,0,608),(137,5,3,351,379,355,3,60,10384,168.64,27.2,15,0,408),(138,75,1,352,380,358,2,68,10385,30.96,10,8,0.2,80),(139,21,9,353,367,360,3,34,10386,13.99,11.2,10,0,112),(140,70,1,353,381,355,2,71,10387,93.63,17.2,15,0,258),(141,72,2,354,382,355,1,53,10388,34.86,26.2,40,0,1048),(142,10,4,355,383,359,2,70,10389,47.42,12,30,0,360),(143,20,6,358,386,361,1,72,10390,126.38,27.8,24,0.1,667.2),(144,17,3,358,386,366,3,13,10391,5.45,4.8,18,0,86.39999999999999),(145,59,2,359,387,367,3,69,10392,122.46,28.8,50,0,1440),(146,71,1,360,388,369,3,31,10393,126.56,10,32,0,320),(147,36,1,360,388,369,3,62,10394,30.34,39.4,10,0,394),(148,35,6,361,389,369,1,69,10395,184.41,28.8,8,0,230.4),(149,25,1,362,376,372,3,72,10396,135.35,27.8,21,0,583.8000000000001),(150,60,5,362,390,368,1,51,10397,60.26,42.4,18,0.15,763.1999999999999),(151,71,2,365,393,375,3,55,10398,89.16,19.2,120,0.1,2304),(152,83,8,366,380,374,3,77,10399,27.36,10.4,14,0,145.6),(153,19,1,367,395,382,3,49,10400,83.93,16,30,0,480),(154,65,1,367,395,376,1,71,10401,12.51,17.2,60,0,1032),(155,20,8,368,410,376,2,63,10402,67.88,35.1,65,0,2281.5),(156,20,4,369,397,375,3,48,10403,73.79,10.2,70,0.15,714),(157,49,2,369,397,374,1,49,10404,155.97,16,30,0.05,480),(158,47,1,372,400,388,1,3,10405,34.82,8,50,0,400),(159,62,7,373,415,379,1,40,10406,108.04,14.7,2,0.1,29.4),(160,56,2,373,401,396,2,71,10407,91.48,17.2,15,0,258),(161,23,8,374,402,380,1,62,10408,11.26,39.4,35,0,1379),(162,54,3,375,403,380,1,21,10409,29.83,8,12,0,96),(163,10,3,376,404,381,3,59,10410,2.4,44,16,0,704),(164,10,9,376,404,387,3,59,10411,23.65,44,9,0.2,396),(165,87,8,379,407,381,2,14,10412,3.77,18.6,20,0.1,372),(166,41,3,380,408,382,2,76,10413,95.66,14.4,14,0,201.6),(167,21,2,380,408,383,3,33,10414,21.48,2,50,0,100),(168,36,3,381,409,390,1,33,10415,0.2,2,20,0,40),(169,87,8,382,410,393,3,57,10416,22.72,15.6,20,0,312),(170,73,4,382,410,394,3,77,10417,70.29,10.4,35,0,364),(171,63,4,383,411,390,1,74,10418,17.55,8,15,0,120),(172,68,4,386,414,396,2,69,10419,137.35,28.8,20,0.05,576),(173,88,3,387,415,393,1,73,10420,44.12,12,20,0.1,240),(174,61,8,387,429,393,1,77,10421,99.23,10.4,10,0.15,104),(175,27,2,388,416,397,1,26,10422,3.02,24.9,2,0,49.8),(176,31,6,389,403,421,3,59,10423,24.5,44,20,0,880),(177,51,7,389,417,393,2,68,10424,370.61,10,30,0.2,300),(178,41,6,390,418,411,2,76,10425,7.93,14.4,20,0.25,288),(179,29,4,393,421,403,1,64,10426,18.69,26.6,7,0,186.20000000000002),(180,59,4,393,421,428,2,14,10427,31.29,18.6,35,0,651),(181,66,7,394,422,401,1,46,10428,11.09,9.6,20,0,192),(182,37,3,395,437,404,2,63,10429,56.63,35.1,35,0.25,1228.5),(183,20,4,396,410,400,1,59,10430,458.78,44,70,0.2,3080),(184,10,4,396,410,404,2,47,10431,44.17,7.6,30,0.25,228),(185,75,3,397,411,404,2,54,10432,4.34,5.9,40,0,236),(186,60,3,400,428,429,3,56,10433,73.83,30.4,28,0,851.1999999999999),(187,24,3,400,428,410,2,76,10434,17.92,14.4,18,0.15,259.2),(188,16,8,401,443,404,2,72,10435,9.21,27.8,10,0,278),(189,7,3,402,430,408,2,75,10436,156.66,6.2,24,0.1,148.8),(190,87,8,402,430,409,1,53,10437,19.97,26.2,15,0,393),(191,79,3,403,431,411,2,57,10438,8.24,15.6,15,0.2,234),(192,51,6,404,432,407,3,74,10439,4.07,8,30,0,240),(193,71,4,407,435,425,2,61,10440,86.53,22.8,90,0.15,2052),(194,55,3,407,449,439,2,27,10441,73.02,35.1,50,0,1755),(195,20,3,408,436,415,2,66,10442,47.94,13.6,60,0,816),(196,66,8,409,437,411,1,28,10443,13.95,36.4,12,0,436.79999999999995),(197,5,3,409,437,418,3,41,10444,3.5,7.7,30,0,231),(198,5,3,410,438,417,1,54,10445,9.3,5.9,15,0,88.5),(199,79,6,411,439,416,1,52,10446,14.68,5.6,15,0.1,84),(200,67,4,411,439,432,2,71,10447,68.66,17.2,2,0,34.4),(201,64,4,414,442,421,2,40,10448,38.82,14.7,20,0,294),(202,7,3,415,443,424,2,62,10449,53.3,39.4,35,0,1379),(203,84,8,416,444,436,2,54,10450,7.23,5.9,6,0.2,35.400000000000006),(204,63,4,416,430,437,3,77,10451,189.09,10.4,55,0.1,572),(205,71,8,417,445,423,1,44,10452,140.26,15.5,100,0.05,1550),(206,4,1,418,446,423,2,70,10453,25.36,12,25,0.1,300),(207,41,4,418,446,422,3,46,10454,2.74,9.6,10,0.2,96),(208,87,8,421,463,428,2,71,10455,180.45,17.2,30,0,516),(209,39,8,422,464,425,2,49,10456,8.12,16,21,0.15,336),(210,39,2,422,450,428,1,59,10457,11.57,44,36,0,1584),(211,76,7,423,451,429,3,71,10458,147.06,17.2,50,0,860),(212,84,4,424,452,425,2,72,10459,25.09,27.8,40,0,1112),(213,24,8,425,453,428,1,75,10460,16.27,6.2,4,0.25,24.8),(214,46,1,425,453,430,3,55,10461,148.61,19.2,60,0.25,1152),(215,16,2,428,456,443,1,23,10462,6.17,7.2,21,0,151.20000000000002),(216,76,5,429,457,431,3,42,10463,14.78,11.2,50,0,560),(217,28,4,429,457,439,2,60,10464,89,27.2,20,0,544),(218,83,1,430,458,439,3,50,10465,145.04,13,25,0,325),(219,15,4,431,459,438,1,46,10466,11.93,9.6,5,0,48),(220,49,8,431,459,436,2,25,10467,4.93,11.2,12,0,134.39999999999998),(221,39,3,432,460,437,3,43,10468,44.12,36.8,15,0,552),(222,89,1,435,463,439,1,44,10469,60.18,15.5,2,0.15,31),(223,9,4,436,464,439,2,64,10470,64.56,26.6,8,0,212.8),(224,11,2,436,464,443,3,56,10471,45.59,30.4,20,0,608),(225,72,8,437,465,444,1,51,10472,4.2,42.4,18,0,763.1999999999999),(226,38,1,438,452,446,3,71,10473,16.37,17.2,12,0,206.39999999999998),(227,58,5,438,466,446,2,75,10474,83.49,6.2,10,0,62),(228,76,9,439,467,460,1,76,10475,68.52,14.4,42,0.15,604.8000000000001),(229,35,8,442,470,449,3,70,10476,4.41,12,12,0,144),(230,60,5,442,470,450,2,39,10477,13.02,14.4,20,0.25,288),(231,84,2,443,457,451,3,10,10478,4.81,24.8,20,0.05,496),(232,65,3,444,472,446,3,64,10479,708.95,26.6,30,0,798),(233,23,6,445,473,449,2,59,10480,1.35,44,12,0,528),(234,67,8,445,473,450,2,60,10481,64.33,27.2,40,0,1088),(235,43,1,446,474,466,3,40,10482,7.48,14.7,10,0,147),(236,89,7,449,477,481,2,77,10483,15.28,10.4,30,0.05,312),(237,11,3,449,477,457,3,51,10484,6.88,42.4,3,0,127.19999999999999),(238,47,4,450,464,456,2,70,10485,64.45,12,60,0.1,720),(239,35,1,451,479,458,2,74,10486,30.53,8,16,0,128),(240,62,2,451,479,453,2,54,10487,71.07,5.9,24,0.25,141.60000000000002),(241,25,8,452,480,458,2,73,10488,4.93,12,20,0.2,240),(242,59,6,453,481,465,2,16,10489,5.29,13.9,18,0,250.20000000000002),(243,35,7,456,484,459,2,75,10490,210.19,6.2,36,0,223.20000000000002),(244,28,8,456,484,464,3,77,10491,16.96,10.4,7,0.15,72.8),(245,10,3,457,485,467,1,42,10492,62.89,11.2,20,0.05,224),(246,41,4,458,486,466,3,69,10493,10.64,28.8,10,0.1,288),(247,15,4,458,486,465,2,56,10494,65.99,30.4,30,0,912),(248,42,3,459,487,467,3,77,10495,4.65,10.4,5,0,52),(249,81,7,460,488,463,2,31,10496,46.77,10,20,0.05,200),(250,44,7,460,488,463,1,77,10497,36.21,10.4,25,0,260),(251,35,8,463,491,467,2,42,10498,29.75,14,30,0,420),(252,46,4,464,492,472,2,49,10499,102.02,20,25,0,500),(253,41,6,465,493,473,1,28,10500,42.68,45.6,8,0.05,364.8),(254,6,9,465,493,472,3,54,10501,8.85,7.45,20,0,149),(255,58,2,466,494,485,1,67,10502,69.32,14,30,0,420),(256,37,6,467,495,472,2,65,10503,16.74,21.05,20,0,421),(257,89,4,467,495,474,3,61,10504,59.13,28.5,25,0,712.5),(258,51,3,470,498,477,3,62,10505,7.13,49.3,3,0,147.89999999999998),(259,39,9,471,499,488,2,70,10506,21.19,15,14,0.1,210),(260,3,7,471,499,478,1,48,10507,47.45,12.75,15,0.15,191.25),(261,56,1,472,500,499,2,39,10508,4.99,18,10,0,180),(262,6,4,473,501,485,1,28,10509,0.15,45.6,3,0,136.8),(263,71,6,474,502,484,3,75,10510,367.63,7.75,36,0.1,279),(264,9,4,474,502,477,3,8,10511,350.64,40,10,0.15,400),(265,21,7,477,505,480,2,60,10512,3.53,34,12,0.15,408),(266,86,7,478,520,484,1,61,10513,105.65,28.5,15,0.2,427.5),(267,20,3,478,506,502,2,75,10514,789.95,7.75,50,0,387.5),(268,63,2,479,493,509,1,60,10515,204.47,34,84,0.15,2856),(269,37,2,480,508,487,3,42,10516,62.78,14,20,0,280),(270,53,3,480,508,485,3,70,10517,32.07,15,6,0,90),(271,80,4,481,495,491,2,44,10518,218.15,19.45,9,0,175.04999999999998),(272,14,6,484,512,487,3,60,10519,91.76,34,10,0.05,340),(273,70,7,485,513,487,1,53,10520,13.37,32.8,5,0,164),(274,12,8,485,513,488,2,68,10521,17.22,12.5,6,0,75),(275,44,4,486,514,492,1,40,10522,45.33,18.4,25,0.2,459.99999999999994),(276,72,7,487,515,516,2,41,10523,77.63,9.65,6,0.1,57.900000000000006),(277,5,1,487,515,493,2,54,10524,244.79,7.45,15,0,111.75),(278,9,1,488,516,509,2,40,10525,11.06,18.4,15,0.1,276),(279,87,4,491,519,501,2,56,10526,58.59,38,30,0.15,1140),(280,63,7,491,519,493,1,36,10527,41.9,19,30,0.1,570),(281,32,6,492,506,495,2,72,10528,3.35,34.8,9,0,313.2),(282,50,5,493,521,495,2,69,10529,66.69,36,10,0,360),(283,59,3,494,522,498,2,76,10530,339.22,18,50,0,900),(284,54,7,494,522,505,1,59,10531,8.12,55,2,0,110),(285,19,7,495,523,498,3,66,10532,74.46,17,24,0,408),(286,24,8,498,526,508,1,73,10533,188.04,15,24,0.05,360),(287,44,8,498,526,500,2,54,10534,27.94,7.45,10,0.2,74.5),(288,3,4,499,527,507,1,59,10535,15.64,55,15,0.1,825),(289,44,3,500,528,523,2,60,10536,58.88,34,35,0.25,1190),(290,68,1,500,514,505,1,73,10537,78.85,15,9,0,135),(291,11,9,501,529,502,3,72,10538,4.87,34.8,1,0,34.8),(292,11,6,502,530,509,3,49,10539,12.36,20,6,0,120),(293,63,3,505,533,530,3,68,10540,1007.64,12.5,35,0,437.5),(294,34,2,505,533,515,1,71,10541,68.65,21.5,9,0.1,193.5),(295,39,1,506,534,512,3,54,10542,10.95,7.45,24,0.05,178.8),(296,46,8,507,535,509,2,23,10543,48.17,9,70,0.15,630),(297,48,4,507,535,516,1,67,10544,24.91,14,7,0,98),(298,43,8,508,536,543,2,11,10545,11.92,21,10,0,210),(299,84,1,509,537,513,3,62,10546,194.72,49.3,40,0,1972),(300,72,3,509,537,519,2,36,10547,178.43,19,60,0,1140),(301,79,3,512,540,519,2,41,10548,1.43,9.65,14,0,135.1),(302,63,5,513,527,516,1,51,10549,171.24,53,48,0.15,2544),(303,30,7,514,542,523,3,61,10550,4.32,28.5,10,0.1,285),(304,28,4,514,556,523,3,44,10551,72.95,19.45,40,0,778),(305,35,2,515,543,522,1,75,10552,83.22,7.75,30,0,232.5),(306,87,2,516,544,520,2,35,10553,149.49,18,6,0,108),(307,56,4,516,544,522,3,77,10554,120.97,13,10,0.05,130),(308,71,6,519,547,521,3,56,10555,252.49,38,40,0.2,1520),(309,73,2,520,562,530,1,72,10556,9.8,34.8,24,0,835.1999999999999),(310,44,9,520,534,523,2,75,10557,96.72,7.75,20,0,155),(311,4,1,521,549,527,2,73,10558,72.97,15,3,0,45),(312,7,6,522,550,530,1,55,10559,8.05,24,18,0.05,432),(313,25,8,523,551,526,1,62,10560,36.65,49.3,15,0.25,739.5),(314,24,2,523,551,526,2,51,10561,242.21,53,50,0,2650),(315,66,1,526,554,529,1,62,10562,22.95,49.3,10,0.1,493),(316,67,2,527,569,541,2,52,10563,60.43,7,70,0,490),(317,65,4,527,555,533,3,55,10564,13.75,24,25,0.05,600),(318,51,8,528,556,535,2,64,10565,7.15,33.25,18,0.1,598.5),(319,7,9,529,557,535,1,76,10566,88.4,18,10,0,180),(320,37,1,529,557,534,1,59,10567,33.97,55,40,0.2,2200),(321,29,3,530,558,556,3,10,10568,6.54,31,5,0,155),(322,65,5,533,561,558,1,76,10569,58.98,18,30,0,540),(323,51,3,534,562,536,3,56,10570,188.99,38,60,0.05,2280),(324,20,8,534,576,551,3,42,10571,26.06,14,28,0.15,392),(325,5,3,535,563,542,2,75,10572,116.43,7.75,15,0.1,116.25),(326,3,7,536,564,537,3,53,10573,84.84,32.8,25,0,819.9999999999999),(327,82,4,536,564,547,2,64,10574,37.6,33.25,6,0,199.5),(328,52,5,537,551,547,1,76,10575,127.34,18,10,0,180),(329,80,3,540,554,547,3,44,10576,18.56,19.45,21,0,408.45),(330,82,9,540,582,547,2,77,10577,25.41,13,18,0,234),(331,11,4,541,569,572,3,57,10578,29.6,19.5,6,0,117),(332,45,1,542,570,551,2,75,10579,13.73,7.75,21,0,162.75),(333,56,4,543,571,548,3,65,10580,75.89,21.05,30,0.05,631.5),(334,21,3,543,571,549,1,75,10581,3.01,7.75,50,0.2,387.5),(335,6,3,544,572,561,2,76,10582,27.71,18,14,0,252),(336,87,2,547,575,551,2,69,10583,7.28,36,10,0.15,360),(337,7,4,547,575,551,1,31,10584,59.14,12.5,50,0.05,625),(338,88,7,548,576,557,1,47,10585,13.41,9.5,15,0,142.5),(339,66,9,549,577,556,1,52,10586,0.48,7,4,0.15,28),(340,61,1,549,577,556,1,77,10587,62.52,13,20,0,260),(341,63,2,550,578,557,3,42,10588,194.67,14,100,0.2,1400),(342,32,8,551,579,561,2,35,10589,4.42,18,4,0,72),(343,51,4,554,582,561,3,77,10590,44.77,13,60,0.05,780),(344,83,1,554,568,563,1,54,10591,55.92,7.45,50,0,372.5),(345,44,3,555,583,563,1,26,10592,32.1,31.23,5,0.05,156.15),(346,44,7,556,584,591,2,76,10593,174.2,18,4,0.2,72),(347,55,3,556,584,563,2,58,10594,5.24,13.25,30,0,397.5),(348,20,2,557,585,561,1,69,10595,96.78,36,65,0.25,2340),(349,89,8,558,586,590,1,75,10596,16.34,7.75,30,0.2,232.5),(350,59,7,558,586,565,3,65,10597,35.12,21.05,12,0.2,252.60000000000002),(351,65,1,561,589,565,3,71,10598,44.42,21.5,9,0,193.5),(352,11,6,562,604,568,3,62,10599,29.98,49.3,10,0,493),(353,36,4,563,591,568,1,73,10600,45.13,15,30,0,450),(354,35,7,563,605,569,1,59,10601,58.3,55,35,0,1925),(355,83,8,564,592,569,2,77,10602,2.92,13,5,0.25,65),(356,71,8,565,593,586,2,49,10603,48.77,20,25,0.05,500),(357,28,1,565,593,576,1,76,10604,7.46,18,10,0.1,180),(358,51,1,568,596,576,2,71,10605,379.13,21.5,15,0.05,322.5),(359,81,4,569,597,578,3,62,10606,79.4,49.3,10,0.2,493),(360,71,5,569,597,572,1,72,10607,200.24,34.8,12,0,417.59999999999997),(361,79,4,570,598,579,2,56,10608,27.79,38,28,0,1064),(362,18,7,571,599,577,2,21,10609,1.85,10,6,0,60),(363,41,8,572,600,584,1,36,10610,26.78,19,21,0.25,399),(364,91,6,572,600,579,2,60,10611,80.65,34,15,0,510),(365,71,1,575,603,579,2,76,10612,544.08,18,80,0,1440),(366,35,4,576,604,579,2,75,10613,8.11,7.75,40,0,310),(367,6,8,576,604,579,3,39,10614,1.93,18,5,0,90),(368,90,2,577,605,584,3,55,10615,0.75,24,5,0,120),(369,32,1,578,606,583,2,71,10616,116.53,21.5,15,0.05,322.5),(370,32,4,578,606,582,2,59,10617,18.53,55,30,0.15,1650),(371,51,1,579,621,586,1,68,10618,154.68,12.5,15,0,187.5),(372,51,3,582,610,585,3,22,10619,91.05,21,40,0,840),(373,42,2,583,611,592,3,52,10620,0.94,7,5,0,35),(374,38,4,583,611,589,2,71,10621,23.73,21.5,15,0,322.5),(375,67,4,584,612,589,3,68,10622,50.97,12.5,18,0.2,225),(376,25,8,585,613,590,2,35,10623,97.18,18,30,0.1,540),(377,78,4,585,613,597,2,44,10624,94.8,19.45,10,0,194.5),(378,2,3,586,614,592,1,60,10625,43.9,34,10,0,340),(379,5,1,589,617,598,2,71,10626,138.69,21.5,20,0,430),(380,71,8,589,631,599,3,73,10627,107.46,15,35,0.15,525),(381,7,4,590,618,598,3,1,10628,30.36,18,25,0,450),(382,30,4,590,618,598,3,64,10629,85.46,33.25,9,0,299.25),(383,39,1,591,619,597,2,76,10630,32.35,18,35,0,630),(384,41,8,592,620,593,1,75,10631,0.87,7.75,8,0.1,62),(385,86,8,592,620,597,1,33,10632,41.38,2.5,20,0.05,50),(386,20,7,593,621,596,3,62,10633,477.9,49.3,80,0.15,3944),(387,23,4,593,621,599,3,75,10634,487.38,7.75,2,0,15.5),(388,49,8,596,624,599,3,22,10635,47.46,21,40,0,840),(389,87,4,597,625,604,1,58,10636,1.15,13.25,6,0,79.5),(390,62,6,597,625,604,1,56,10637,201.29,38,60,0.05,2280),(391,47,3,598,626,610,1,72,10638,158.44,34.8,60,0,2088),(392,70,7,598,626,605,3,18,10639,38.64,62.5,8,0,500),(393,86,4,599,627,606,1,70,10640,23.55,15,15,0.25,225),(394,35,4,600,628,604,2,40,10641,179.61,18.4,60,0,1104),(395,73,7,600,628,614,3,61,10642,41.89,28.5,20,0.2,570),(396,1,6,603,631,611,2,46,10643,29.46,12,2,0.25,24),(397,88,3,603,631,610,2,46,10644,0.14,12,21,0.1,252),(398,34,4,604,632,611,1,36,10645,12.41,19,15,0,285),(399,37,9,605,647,612,3,77,10646,142.33,13,35,0.25,455),(400,61,4,605,619,612,2,39,10647,45.54,18,20,0,360),(401,67,5,606,648,618,2,24,10648,14.25,4.5,15,0.15,67.5),(402,50,5,606,634,607,3,72,10649,6.2,34.8,15,0,522),(403,21,5,607,635,612,3,54,10650,176.81,7.45,30,0,223.5),(404,86,8,610,638,620,2,22,10651,20.6,21,20,0.25,420),(405,31,4,610,638,617,2,42,10652,7.14,14,20,0,280),(406,25,1,611,639,628,1,60,10653,93.25,34,20,0.1,680),(407,5,5,611,639,620,1,54,10654,55.26,7.45,6,0.1,44.7),(408,66,1,612,640,620,2,41,10655,4.41,9.65,20,0.2,193),(409,32,6,613,641,619,1,47,10656,57.15,9.5,6,0.1,57),(410,71,2,613,641,624,2,60,10657,352.69,34,30,0,1020),(411,63,4,614,642,617,1,77,10658,364.15,13,70,0.05,910),(412,62,7,614,642,619,2,70,10659,105.81,15,40,0.05,600),(413,36,8,617,645,654,1,20,10660,111.29,81,21,0,1701),(414,37,7,618,646,624,3,58,10661,17.55,13.25,49,0.2,649.25),(415,48,3,618,646,627,2,68,10662,1.28,12.5,10,0,125),(416,9,2,619,633,642,2,51,10663,113.15,53,20,0.05,1060),(417,28,1,619,647,628,3,65,10664,1.27,21.05,15,0.15,315.75),(418,48,1,620,648,626,2,76,10665,26.31,18,10,0,180),(419,68,7,621,649,631,2,65,10666,232.42,21.05,10,0,210.5),(420,20,7,621,649,628,1,71,10667,78.09,21.5,14,0.2,301),(421,86,1,624,652,632,2,64,10668,47.22,33.25,15,0.1,498.75),(422,73,2,624,652,631,1,36,10669,24.39,19,30,0,570),(423,25,4,625,653,627,1,75,10670,203.48,7.75,25,0,193.75),(424,26,1,626,654,633,1,65,10671,30.34,21.05,12,0,252.60000000000002),(425,5,9,626,640,635,2,71,10672,95.75,21.5,12,0,258),(426,90,2,627,655,628,1,43,10673,22.76,46,6,0,276),(427,38,4,627,655,639,2,23,10674,0.9,9,5,0,45),(428,25,5,628,656,632,2,58,10675,31.85,13.25,30,0,397.5),(429,80,2,631,659,638,2,44,10676,2.01,19.45,21,0,408.45),(430,3,1,631,659,635,3,33,10677,4.03,2.5,8,0.15,20),(431,71,7,632,660,655,3,54,10678,388.98,7.45,30,0,223.5),(432,7,8,632,660,639,3,59,10679,27.94,55,12,0,660),(433,55,1,633,661,635,1,42,10680,26.61,14,40,0.25,560),(434,32,3,634,662,639,3,64,10681,76.13,33.25,28,0,931),(435,3,3,634,662,640,2,75,10682,36.13,7.75,30,0,232.5),(436,18,2,635,663,640,1,52,10683,4.4,7,9,0,63),(437,56,3,635,663,639,1,60,10684,145.63,34,30,0,1020),(438,31,4,638,652,642,2,47,10685,33.75,9.5,15,0,142.5),(439,59,2,639,667,647,1,26,10686,96.5,31.23,15,0,468.45),(440,37,9,639,667,669,2,36,10687,296.43,19,6,0.25,114),(441,83,4,640,654,646,2,34,10688,299.09,14,14,0,196),(442,5,1,640,668,646,2,1,10689,13.42,18,35,0.25,630),(443,34,1,641,669,642,1,77,10690,15.8,13,30,0.25,390),(444,63,2,642,684,661,2,62,10691,810.05,49.3,48,0,2366.3999999999996),(445,1,4,642,670,652,2,63,10692,61.02,43.9,20,0,878),(446,89,3,645,659,649,3,73,10693,139.34,15,15,0.15,225),(447,63,8,645,673,648,3,70,10694,398.36,15,50,0,750),(448,90,7,646,688,653,1,24,10695,16.72,4.5,20,0,90),(449,89,8,647,689,653,3,46,10696,102.55,12,18,0,216),(450,47,3,647,675,653,1,70,10697,45.52,15,30,0.25,450),(451,20,4,648,676,656,1,70,10698,272.47,15,8,0.05,120),(452,52,3,648,676,652,3,47,10699,0.58,9.5,12,0,114),(453,71,3,649,677,655,1,71,10700,65.1,21.5,60,0.2,1290),(454,37,6,652,666,654,3,76,10701,220.31,18,35,0.15,630),(455,1,4,652,694,660,1,76,10702,23.94,18,15,0,270),(456,24,6,653,681,659,2,73,10703,152.3,15,35,0,525),(457,62,6,653,681,677,1,48,10704,4.78,12.75,24,0,306),(458,35,9,654,682,688,2,32,10705,3.52,32,4,0,128),(459,55,8,655,683,660,3,59,10706,135.63,55,8,0,440),(460,4,4,655,669,662,3,70,10707,21.74,15,28,0.15,420),(461,77,6,656,698,675,2,36,10708,2.96,19,5,0,95),(462,31,1,656,684,690,3,60,10709,210.8,34,10,0,340),(463,27,1,659,687,662,1,47,10710,4.98,9.5,5,0,47.5),(464,71,5,660,702,668,2,53,10711,52.41,32.8,120,0,3935.9999999999995),(465,37,3,660,688,670,1,56,10712,89.93,38,30,0,1140),(466,71,1,661,689,663,1,46,10713,167.05,12,24,0,288),(467,71,5,661,689,666,3,58,10714,24.49,13.25,12,0.25,159),(468,9,3,662,676,668,1,71,10715,63.2,21.5,30,0,645),(469,64,4,663,691,666,2,61,10716,22.57,28.5,10,0,285),(470,25,1,663,691,668,2,69,10717,59.25,36,25,0.05,900),(471,39,1,666,694,668,3,62,10718,170.88,49.3,20,0,986),(472,45,8,666,694,675,2,54,10719,51.44,7.45,40,0.25,298),(473,61,8,667,681,675,2,71,10720,9.53,21.5,8,0,172),(474,63,5,668,696,670,3,44,10721,48.92,19.45,50,0.05,972.5),(475,71,8,668,710,674,1,75,10722,74.58,7.75,42,0,325.5),(476,89,3,669,697,695,1,26,10723,21.72,31.23,15,0,468.45),(477,51,8,669,711,675,2,61,10724,57.75,28.5,5,0,142.5),(478,21,4,670,698,675,3,55,10725,10.83,24,6,0,144),(479,19,4,673,687,705,1,11,10726,16.56,21,5,0,105),(480,66,2,673,701,705,1,59,10727,89.9,55,10,0.05,550),(481,62,4,674,702,681,2,60,10728,58.33,34,15,0,510),(482,47,8,674,716,684,3,50,10729,141.06,16.25,40,0,650),(483,9,5,675,703,684,1,65,10730,20.12,21.05,10,0.05,210.5),(484,14,7,676,704,684,1,51,10731,96.65,53,30,0.05,1590),(485,9,3,676,704,677,1,76,10732,16.97,18,20,0,360),(486,5,1,677,705,680,3,52,10733,110.11,7,25,0,175),(487,31,2,677,705,682,3,76,10734,1.63,18,20,0,360),(488,45,6,680,708,691,2,77,10735,45.97,13,2,0.1,26),(489,37,9,681,709,691,2,75,10736,44.1,7.75,20,0,155),(490,85,2,681,709,688,2,41,10737,7.79,9.65,12,0,115.80000000000001),(491,74,2,682,710,688,1,16,10738,2.91,17.45,3,0,52.349999999999994),(492,85,3,682,710,687,3,52,10739,11.08,7,18,0,126),(493,89,4,683,711,695,2,56,10740,81.88,38,14,0.2,532),(494,5,4,684,698,688,3,2,10741,10.96,19,15,0.2,285),(495,10,3,684,712,688,3,72,10742,243.73,34.8,35,0,1218),(496,4,1,687,715,691,2,46,10743,23.72,12,28,0.05,336),(497,83,6,687,715,694,1,40,10744,69.19,18.4,50,0.2,919.9999999999999),(498,63,9,688,716,697,1,72,10745,3.52,34.8,7,0,243.59999999999997),(499,14,1,689,717,691,3,69,10746,31.43,36,40,0,1440),(500,59,6,689,717,696,1,69,10747,117.33,36,30,0,1080),(501,71,3,690,718,698,1,56,10748,232.55,38,28,0,1064),(502,38,4,690,718,719,2,76,10749,61.53,18,10,0,180),(503,87,9,691,719,694,1,59,10750,79.3,55,25,0.15,1375),(504,68,3,694,722,703,3,73,10751,130.79,15,15,0,225),(505,53,2,694,722,698,3,69,10752,1.39,36,3,0,108),(506,27,3,695,723,697,1,74,10753,7.7,10,5,0,50),(507,49,6,695,723,697,3,40,10754,2.38,18.4,3,0,55.199999999999996),(508,9,4,696,724,698,2,69,10755,16.71,36,25,0.25,900),(509,75,8,697,725,702,2,69,10756,73.21,36,20,0.2,720),(510,71,6,697,725,715,1,64,10757,8.19,33.25,24,0,798),(511,68,3,698,726,704,3,70,10758,138.17,15,40,0,600),(512,2,3,698,726,712,3,32,10759,11.99,32,10,0,320),(513,50,4,701,729,710,1,43,10760,155.64,46,30,0.25,1380),(514,65,5,702,730,708,2,75,10761,18.66,7.75,18,0,139.5),(515,24,3,702,730,709,1,56,10762,328.74,38,60,0,2280),(516,23,3,703,731,708,3,24,10763,37.35,4.5,20,0,90),(517,20,6,703,731,708,3,39,10764,145.45,18,130,0.1,2340),(518,63,3,704,732,709,3,65,10765,42.74,21.05,80,0.1,1684),(519,56,4,705,733,709,1,68,10766,157.55,12.5,40,0,500),(520,76,4,705,733,715,3,42,10767,1.59,14,2,0,28),(521,4,3,708,736,715,2,71,10768,146.32,21.5,12,0,258),(522,83,3,708,736,712,1,62,10769,65.06,49.3,15,0,739.5),(523,34,8,709,737,717,3,11,10770,5.32,21,15,0.25,315),(524,20,9,710,738,733,2,71,10771,11.19,21.5,16,0,344),(525,44,3,710,738,719,2,59,10772,91.28,55,25,0,1375),(526,20,1,711,739,716,3,75,10773,96.43,7.75,7,0.2,54.25),(527,24,4,711,725,712,1,66,10774,48.2,17,50,0,850),(528,78,7,712,740,726,1,67,10775,20.25,14,3,0,42),(529,20,1,715,743,718,3,51,10776,351.53,53,120,0.05,6360),(530,31,7,715,729,752,2,42,10777,3.01,14,20,0.2,280),(531,5,3,716,744,724,1,41,10778,6.79,9.65,10,0,96.5),(532,52,3,716,744,745,2,62,10779,58.13,49.3,20,0,986),(533,46,2,716,730,725,1,77,10780,42.13,13,15,0,195),(534,87,2,717,745,719,3,74,10781,73.16,10,35,0,350),(535,12,9,717,745,722,3,31,10782,1.1,12.5,1,0,12.5),(536,34,4,718,746,719,2,38,10783,124.98,263.5,5,0,1317.5),(537,49,4,718,746,722,3,72,10784,70.09,34.8,30,0.15,1044),(538,33,1,718,746,724,3,75,10785,1.51,7.75,10,0,77.5),(539,62,8,719,747,723,1,75,10786,110.87,7.75,42,0.2,325.5),(540,41,2,719,733,726,1,29,10787,249.93,123.79,20,0.05,2475.8),(541,63,1,722,750,750,2,75,10788,42.7,7.75,40,0.05,310),(542,23,1,722,750,731,2,68,10789,100.6,12.5,18,0,225),(543,31,6,722,750,726,1,56,10790,28.23,38,20,0.15,760),(544,25,6,723,751,732,2,41,10791,16.85,9.65,20,0.05,193),(545,91,1,723,751,731,3,68,10792,23.79,12.5,15,0,187.5),(546,4,3,724,752,739,3,52,10793,4.52,7,8,0,56),(547,61,6,724,752,733,1,54,10794,21.49,7.45,6,0.2,44.7),(548,20,8,724,752,751,2,17,10795,126.66,39,35,0.25,1365),(549,35,3,725,753,745,1,69,10796,26.52,36,24,0.2,864),(550,17,7,725,753,736,2,11,10797,33.35,21,20,0,420),(551,38,2,726,754,736,1,72,10798,2.33,34.8,10,0,348),(552,39,9,726,768,736,3,59,10799,30.76,55,25,0,1375),(553,72,1,726,754,736,3,54,10800,137.44,7.45,7,0.1,52.15),(554,8,4,729,757,731,2,29,10801,97.09,123.79,20,0.25,2475.8),(555,73,4,729,757,733,2,62,10802,257.26,49.3,5,0.25,246.5),(556,88,4,730,758,737,1,59,10803,55.23,55,15,0.05,825),(557,72,6,730,758,738,2,49,10804,27.33,20,4,0.15,80),(558,77,2,730,758,740,3,38,10805,237.34,263.5,10,0,2635),(559,84,3,731,759,736,2,74,10806,22.11,10,15,0.25,150),(560,27,4,731,759,761,1,40,10807,1.36,18.4,1,0,18.4),(561,55,2,732,760,740,3,76,10808,45.53,18,50,0.15,900),(562,88,7,732,760,738,1,52,10809,4.87,7,20,0,140),(563,42,2,732,760,738,3,70,10810,4.33,15,5,0,75),(564,47,8,733,761,739,1,40,10811,31.22,18.4,30,0,552),(565,66,5,733,761,743,1,77,10812,59.78,13,20,0,260),(566,67,1,736,764,740,1,46,10813,47.38,12,35,0,420),(567,84,3,736,764,745,3,61,10814,130.94,28.5,30,0.15,855),(568,71,2,736,764,745,3,33,10815,14.62,2.5,16,0,40),(569,32,4,737,765,766,2,62,10816,719.78,49.3,20,0.05,986),(570,39,3,737,751,744,2,62,10817,306.07,49.3,25,0.15,1232.5),(571,49,7,738,766,743,3,41,10818,65.48,9.65,20,0,193),(572,12,2,738,766,747,3,75,10819,19.76,7.75,20,0,155),(573,65,3,738,766,744,2,56,10820,37.52,38,30,0,1140),(574,75,1,739,767,746,1,51,10821,36.68,53,6,0,318),(575,82,6,739,767,747,3,70,10822,7,15,6,0,90),(576,46,5,740,768,744,2,77,10823,163.97,13,15,0.1,195),(577,24,8,740,768,761,1,70,10824,1.23,15,9,0,135),(578,17,1,740,768,745,1,53,10825,79.25,32.8,20,0,656),(579,7,6,743,771,768,1,57,10826,7.09,19.5,15,0,292.5),(580,9,1,743,757,768,2,39,10827,63.54,18,21,0,378),(581,64,9,744,758,766,1,38,10828,90.85,263.5,2,0,527),(582,38,9,744,772,754,1,60,10829,154.72,34,21,0,714),(583,81,4,744,786,752,2,68,10830,81.83,12.5,24,0,300),(584,70,3,745,773,754,2,43,10831,72.19,46,9,0,414),(585,41,2,745,773,750,2,64,10832,43.26,33.25,3,0,99.75),(586,56,6,746,774,754,2,53,10833,71.49,32.8,9,0.1,295.2),(587,81,1,746,774,750,3,30,10834,29.78,25.89,20,0.05,517.8),(588,1,1,746,774,752,3,77,10835,69.53,13,2,0.2,26),(589,20,7,747,775,752,1,64,10836,411.88,33.25,30,0,997.5),(590,5,9,747,775,754,3,76,10837,13.32,18,21,0.25,378),(591,47,3,750,778,754,3,36,10838,59.28,19,50,0.25,950),(592,81,3,750,778,753,3,72,10839,35.43,34.8,15,0.1,522),(593,47,4,750,792,778,2,39,10840,2.71,18,10,0.2,180),(594,76,5,751,779,760,2,77,10841,424.3,13,15,0,195),(595,80,1,751,779,760,3,70,10842,54.42,15,12,0,180),(596,84,4,752,780,757,2,51,10843,9.26,53,4,0.25,212),(597,59,8,752,780,757,2,22,10844,25.22,21,35,0,735),(598,63,8,752,766,761,1,64,10845,212.98,33.25,48,0,1596),(599,76,2,753,795,754,3,74,10846,56.46,10,20,0,200),(600,71,4,753,767,772,3,71,10847,487.57,21.5,55,0.2,1182.5),(601,16,7,754,782,760,2,9,10848,38.24,97,3,0,291),(602,39,9,754,782,761,2,26,10849,0.56,31.23,18,0.15,562.14),(603,84,1,754,796,761,1,70,10850,49.19,15,30,0.15,450),(604,67,5,757,785,764,1,59,10851,160.55,55,42,0.05,2310),(605,65,8,757,771,761,1,62,10852,174.05,49.3,50,0,2465),(606,6,9,758,786,765,2,18,10853,53.83,62.5,10,0,625),(607,20,3,758,786,767,2,13,10854,100.22,6,65,0.15,390),(608,55,3,758,786,766,1,65,10855,170.97,21.05,15,0.15,315.75),(609,3,3,759,787,772,2,42,10856,58.43,14,20,0,280),(610,5,8,759,787,768,2,29,10857,188.85,123.79,10,0.25,1237.9),(611,40,2,760,788,765,1,70,10858,52.51,15,4,0,60),(612,25,1,760,788,764,2,64,10859,76.1,33.25,30,0.25,997.5),(613,26,3,760,788,766,3,76,10860,19.26,18,20,0,360),(614,89,4,761,789,779,2,62,10861,14.93,49.3,3,0,147.89999999999998),(615,44,8,761,803,764,2,52,10862,53.23,7,8,0,56),(616,35,4,764,792,779,2,58,10863,30.26,13.25,12,0.15,159),(617,4,4,764,792,771,2,67,10864,3.04,14,15,0,210),(618,63,2,764,778,774,1,39,10865,348.14,18,80,0.05,1440),(619,5,5,765,793,774,1,30,10866,109.11,25.89,40,0.25,1035.6),(620,48,6,765,807,773,1,53,10867,1.93,32.8,3,0,98.39999999999999),(621,62,7,766,794,785,2,49,10868,191.27,20,42,0.1,840),(622,72,5,766,794,771,1,68,10869,143.28,12.5,20,0,250),(623,89,5,766,794,775,3,51,10870,12.04,53,2,0,106),(624,9,9,767,795,772,2,17,10871,112.27,39,16,0.05,624),(625,30,5,767,795,771,2,65,10872,175.32,21.05,21,0.05,442.05),(626,90,4,768,796,771,1,28,10873,0.82,45.6,3,0,136.8),(627,30,5,768,796,773,2,10,10874,19.58,31,10,0,310),(628,5,4,768,796,793,2,49,10875,32.37,20,15,0,300),(629,9,7,771,799,774,3,64,10876,60.42,33.25,20,0,665),(630,67,1,771,799,781,1,18,10877,38.06,62.5,25,0,1562.5),(631,63,4,772,800,774,1,20,10878,46.69,81,20,0.05,1620),(632,90,3,772,800,774,3,76,10879,8.5,18,10,0,180),(633,24,7,772,814,780,1,70,10880,88.01,15,50,0.2,750),(634,12,4,773,801,780,1,73,10881,2.84,15,10,0,150),(635,71,4,773,801,782,3,54,10882,23.1,7.45,32,0.15,238.4),(636,48,8,774,802,782,3,24,10883,0.53,4.5,8,0,36),(637,45,4,774,802,775,2,65,10884,90.97,21.05,12,0.05,252.60000000000002),(638,76,6,774,802,780,3,77,10885,5.64,13,25,0,325),(639,34,1,775,803,792,1,77,10886,4.99,13,40,0,520),(640,29,8,775,803,778,3,25,10887,1.25,14,5,0,70),(641,30,1,778,806,785,2,68,10888,51.87,12.5,18,0,225),(642,65,9,778,806,785,3,38,10889,280.61,263.5,40,0,10540),(643,18,7,778,806,780,1,41,10890,32.76,9.65,14,0,135.1),(644,44,7,779,807,781,2,30,10891,20.37,25.89,15,0.05,388.35),(645,50,4,779,807,781,2,59,10892,120.27,55,40,0.05,2200),(646,39,9,780,808,782,2,36,10893,77.78,19,20,0,380),(647,71,1,780,808,782,1,75,10894,116.13,7.75,120,0.05,930),(648,20,3,780,808,785,1,60,10895,162.75,34,100,0,3400),(649,50,7,781,809,789,3,56,10896,32.45,38,16,0,608),(650,37,3,781,809,787,2,30,10897,603.54,25.89,36,0,932.04),(651,54,4,782,810,796,2,13,10898,1.27,6,5,0,30),(652,46,5,782,810,788,3,39,10899,1.21,18,8,0.15,144),(653,88,1,782,810,794,2,70,10900,1.66,15,3,0.25,45),(654,35,4,785,813,788,1,71,10901,62.09,21.5,30,0,645),(655,24,1,785,813,793,1,62,10902,44.15,49.3,6,0.15,295.79999999999995),(656,34,3,786,814,794,3,68,10903,36.71,12.5,20,0,250),(657,89,3,786,814,789,3,62,10904,162.95,49.3,35,0,1725.5),(658,88,9,786,814,796,2,1,10905,13.72,18,20,0.05,360),(659,91,4,787,801,793,3,61,10906,26.29,28.5,15,0,427.5),(660,74,6,787,815,789,3,75,10907,9.19,7.75,14,0,108.5),(661,66,4,788,816,796,2,52,10908,32.96,7,14,0.05,98),(662,70,1,788,816,800,2,41,10909,53.05,9.65,5,0,48.25),(663,90,1,788,816,794,3,61,10910,38.11,28.5,5,0,142.5),(664,30,3,788,816,795,1,67,10911,38.19,14,15,0,210),(665,37,2,788,816,808,2,29,10912,580.91,123.79,60,0.25,7427.400000000001),(666,62,4,788,816,794,1,58,10913,33.05,13.25,15,0,198.75),(667,62,6,789,817,792,1,71,10914,21.19,21.5,25,0,537.5),(668,80,2,789,817,792,2,54,10915,3.51,7.45,10,0,74.5),(669,64,1,789,817,799,2,57,10916,63.77,19.5,20,0,390),(670,69,4,792,820,801,2,60,10917,8.29,34,10,0,340),(671,10,3,792,820,801,3,60,10918,48.83,34,25,0.25,850),(672,47,2,792,820,794,2,40,10919,19.8,18.4,20,0,368),(673,4,4,793,821,799,2,50,10920,29.61,16.25,24,0,390),(674,83,1,793,835,799,1,63,10921,176.48,43.9,40,0,1756),(675,34,5,793,821,795,3,24,10922,62.74,4.5,35,0,157.5),(676,41,7,793,835,803,3,67,10923,68.26,14,24,0.2,336),(677,5,3,794,822,829,2,75,10924,151.52,7.75,6,0,46.5),(678,34,3,794,822,803,1,52,10925,2.27,7,12,0.15,84),(679,2,4,794,822,801,3,72,10926,39.92,34.8,10,0,348),(680,40,4,795,823,829,1,76,10927,19.79,18,20,0,360),(681,29,1,795,823,808,1,76,10928,1.36,18,5,0,90),(682,25,6,795,823,802,1,77,10929,33.93,13,15,0,195),(683,76,4,796,838,808,3,58,10930,15.55,13.25,30,0.2,397.5),(684,68,4,796,810,809,2,57,10931,13.6,19.5,30,0,585),(685,9,8,796,824,814,1,75,10932,134.64,7.75,20,0.1,155),(686,38,6,796,824,806,3,61,10933,54.15,28.5,30,0,855),(687,44,3,799,827,802,3,6,10934,32.01,25,20,0,500),(688,88,4,799,827,808,3,23,10935,47.59,9,8,0.25,72),(689,32,3,799,827,808,2,36,10936,33.68,19,30,0.2,570),(690,12,7,800,814,803,3,34,10937,31.51,14,20,0,280),(691,63,3,800,828,806,2,71,10938,31.89,21.5,35,0.25,752.5),(692,49,2,800,828,803,2,67,10939,76.33,14,40,0.15,560),(693,9,8,801,829,813,3,13,10940,19.77,6,20,0,120),(694,71,7,801,829,810,2,72,10941,400.81,34.8,50,0,1739.9999999999998),(695,66,9,801,829,808,3,49,10942,17.95,20,28,0,560),(696,11,4,801,829,809,2,46,10943,2.17,12,15,0,180),(697,10,6,802,816,803,3,56,10944,52.92,38,18,0,684),(698,52,4,802,830,808,1,31,10945,10.22,12.5,10,0,125),(699,83,1,802,830,809,2,77,10946,27.2,13,40,0,520),(700,11,3,803,831,806,2,59,10947,3.26,55,4,0,220),(701,30,3,803,831,809,3,55,10948,23.39,24,4,0,96),(702,10,2,803,831,807,3,62,10949,74.44,49.3,60,0,2958),(703,49,1,806,834,813,2,4,10950,2.5,22,5,0,110),(704,68,9,806,848,828,2,75,10951,30.85,7.75,50,0.05,387.5),(705,1,1,806,848,814,1,28,10952,40.42,45.6,2,0,91.2),(706,4,9,806,820,815,2,31,10953,23.72,12.5,50,0.05,625),(707,47,5,807,849,810,1,60,10954,27.91,34,24,0.15,816),(708,24,8,807,835,810,2,75,10955,3.26,7.75,12,0.2,93),(709,6,6,807,849,810,2,51,10956,44.65,53,8,0,424),(710,35,8,808,836,817,3,64,10957,105.36,33.25,8,0,266),(711,54,7,808,836,817,2,72,10958,49.56,34.8,5,0,174),(712,31,6,808,850,813,2,75,10959,4.98,7.75,20,0.15,155),(713,35,3,809,823,829,1,41,10960,2.08,9.65,24,0,231.60000000000002),(714,62,8,809,837,820,1,76,10961,104.47,18,60,0,1080),(715,63,8,809,837,813,2,76,10962,275.79,18,44,0,792),(716,28,9,809,837,816,3,60,10963,2.7,34,2,0.15,68),(717,74,3,810,838,814,2,69,10964,87.38,36,10,0,360),(718,55,6,810,838,820,3,51,10965,144.38,53,16,0,848),(719,14,4,810,838,829,1,62,10966,27.19,49.3,12,0.15,591.5999999999999),(720,79,2,813,841,823,2,49,10967,62.22,20,40,0,800),(721,20,1,813,841,822,3,64,10968,74.6,33.25,4,0,133),(722,15,1,813,841,820,2,46,10969,0.21,12,9,0,108),(723,8,9,814,828,845,1,52,10970,16.16,7,40,0.2,280),(724,26,2,814,842,823,2,29,10971,121.82,123.79,14,0,1733.0600000000002),(725,40,4,814,842,816,2,33,10972,0.02,2.5,7,0,17.5),(726,40,6,814,842,817,2,75,10973,15.17,7.75,10,0,77.5),(727,75,3,815,829,824,3,63,10974,12.96,43.9,10,0,439),(728,10,1,815,843,817,3,75,10975,32.27,7.75,10,0,77.5),(729,35,1,815,857,824,1,28,10976,37.97,45.6,20,0,912),(730,24,8,816,844,831,3,63,10977,208.5,43.9,20,0,878),(731,50,9,816,844,844,2,44,10978,32.82,19.45,6,0.15,116.69999999999999),(732,20,8,816,844,821,2,63,10979,353.07,43.9,35,0,1536.5),(733,24,4,817,859,838,1,75,10980,1.26,7.75,40,0.2,310),(734,34,1,817,845,823,2,38,10981,193.37,263.5,60,0,15810),(735,10,2,817,845,829,1,43,10982,14.01,46,9,0,414),(736,71,2,817,845,827,2,57,10983,657.54,19.5,15,0,292.5),(737,71,1,820,848,824,3,36,10984,211.22,19,40,0,760),(738,37,2,820,848,823,1,32,10985,91.51,32,35,0.1,1120),(739,54,8,820,848,842,2,77,10986,217.86,13,15,0,195),(740,19,8,821,849,827,1,72,10987,185.48,34.8,20,0,696),(741,65,3,821,849,831,2,62,10988,61.14,49.3,40,0.1,1972),(742,61,2,821,849,823,1,41,10989,34.76,9.65,4,0,38.6),(743,20,2,822,864,828,3,61,10990,117.61,28.5,66,0.15,1881),(744,63,1,822,850,828,1,76,10991,38.51,18,90,0.2,1620),(745,77,1,822,850,824,3,72,10992,4.27,34.8,2,0,69.6),(746,24,7,822,850,831,3,41,10993,8.81,9.65,35,0.25,337.75),(747,83,2,823,837,830,3,59,10994,65.53,55,18,0.05,990),(748,58,1,823,851,827,3,60,10995,46,34,4,0,136),(749,63,4,823,851,831,2,42,10996,1.12,14,40,0,560),(750,46,8,824,866,834,2,52,10997,73.91,7,20,0.25,140),(751,91,8,824,838,838,2,75,10998,20.31,7.75,30,0,232.5),(752,56,6,824,852,831,2,77,10999,96.35,13,21,0.05,273),(753,65,2,827,855,835,3,77,11000,55.12,13,30,0,390),(754,24,2,827,855,835,2,55,11001,197.3,24,6,0,144),(755,71,4,827,855,837,1,55,11002,141.16,24,40,0,960),(756,78,3,827,855,829,3,52,11003,14.91,7,10,0,70),(757,50,3,828,856,841,1,76,11004,44.84,18,6,0,108),(758,90,2,828,856,831,1,59,11005,0.75,55,10,0,550),(759,32,3,828,856,836,2,29,11006,25.19,123.79,2,0.25,247.58),(760,60,8,829,857,834,2,42,11007,202.24,14,14,0,196),(761,20,7,829,857,0,3,71,11008,79.46,21.5,21,0,451.5),(762,30,2,829,857,831,1,60,11009,59.11,34,9,0,306),(763,66,2,830,858,842,2,24,11010,28.71,4.5,10,0,45),(764,1,3,830,858,834,1,71,11011,1.21,21.5,20,0,430),(765,25,1,830,844,838,3,71,11012,242.95,21.5,60,0.05,1290),(766,69,2,830,858,831,1,68,11013,32.99,12.5,2,0,25),(767,47,2,831,859,836,3,41,11014,23.6,9.65,28,0.1,270.2),(768,70,2,831,845,841,2,77,11015,4.62,13,18,0,234),(769,4,9,831,859,834,2,36,11016,33.8,19,16,0,304),(770,20,9,834,862,841,2,70,11017,754.26,15,30,0,450),(771,48,4,834,862,837,2,56,11018,11.65,38,5,0,190),(772,64,6,834,862,0,3,49,11019,3.17,20,2,0,40),(773,56,2,835,863,837,2,10,11020,43.3,31,24,0.15,744),(774,63,3,835,863,842,1,72,11021,297.18,34.8,35,0,1218),(775,34,9,835,863,855,2,69,11022,6.27,36,30,0,1080),(776,11,1,835,849,845,2,43,11023,123.83,46,30,0,1380),(777,19,4,836,864,841,1,71,11024,74.36,21.5,50,0,1075),(778,87,6,836,864,845,3,13,11025,29.17,6,20,0.1,120),(779,27,4,836,864,849,1,51,11026,47.09,53,10,0,530),(780,10,1,837,865,841,1,62,11027,52.52,49.3,21,0.25,1035.3),(781,39,2,837,865,843,1,59,11028,29.59,55,24,0,1320),(782,14,4,837,865,848,1,63,11029,47.84,43.9,12,0,526.8),(783,71,7,838,866,848,2,59,11030,830.75,55,100,0.25,5500),(784,71,6,838,866,845,2,71,11031,227.22,21.5,16,0,344),(785,89,2,838,866,844,3,59,11032,606.19,55,30,0,1650),(786,68,7,838,866,844,3,69,11033,84.74,36,36,0.1,1296),(787,55,8,841,883,848,1,61,11034,40.32,28.5,6,0,171),(788,76,2,841,869,845,2,54,11035,0.17,7.45,10,0,74.5),(789,17,8,841,869,843,3,59,11036,149.47,55,30,0,1650),(790,30,7,842,870,848,1,70,11037,3.2,15,4,0,60),(791,76,1,842,870,851,2,71,11038,29.59,21.5,30,0,645),(792,47,1,842,870,0,2,57,11039,65,19.5,28,0,546),(793,32,4,843,871,0,3,21,11040,18.84,10,20,0,200),(794,14,3,843,871,849,2,63,11041,48.22,43.9,30,0,1317),(795,15,2,843,857,852,1,61,11042,29.99,28.5,4,0,114),(796,74,5,843,871,850,2,11,11043,8.8,21,10,0,210),(797,91,4,844,872,852,1,62,11044,8.72,49.3,12,0,591.5999999999999),(798,10,6,844,872,0,2,51,11045,70.58,53,24,0,1272),(799,86,8,844,872,845,2,35,11046,71.64,18,18,0.05,324),(800,19,7,845,873,852,3,5,11047,46.62,21.35,30,0.25,640.5),(801,10,7,845,873,851,3,68,11048,24.12,12.5,42,0,525),(802,31,3,845,873,855,1,12,11049,8.34,38,4,0.2,152),(803,24,8,848,876,856,2,76,11050,59.41,18,50,0.1,900),(804,41,7,848,876,0,3,24,11051,2.79,4.5,10,0.2,45),(805,34,3,848,876,852,1,61,11052,67.26,28.5,10,0.2,285),(806,59,2,848,876,850,2,64,11053,53.05,33.25,25,0.2,831.25),(807,12,8,849,877,0,1,67,11054,0.33,14,20,0,280),(808,35,7,849,877,856,2,57,11055,120.92,19.5,20,0,390),(809,19,8,849,863,852,2,60,11056,278.96,34,50,0,1700),(810,53,3,850,878,852,3,70,11057,4.13,15,3,0,45),(811,6,9,850,878,0,3,61,11058,31.14,28.5,4,0,114),(812,67,2,850,892,0,2,60,11059,85.8,34,35,0,1190),(813,27,2,851,879,855,2,77,11060,10.98,13,10,0,130),(814,32,4,851,893,0,3,60,11061,14.01,34,15,0,510),(815,66,4,851,879,0,2,70,11062,29.93,15,12,0.2,180),(816,37,3,851,879,857,2,41,11063,81.73,9.65,30,0.1,289.5),(817,71,1,852,880,855,1,68,11064,30.09,12.5,55,0,687.5),(818,46,8,852,880,0,1,54,11065,12.91,7.45,20,0.25,149),(819,89,7,852,880,855,2,34,11066,44.72,14,35,0,490),(820,17,1,855,869,857,2,41,11067,7.98,9.65,9,0,86.85000000000001),(821,62,8,855,883,0,2,77,11068,81.75,13,28,0.15,364),(822,80,1,855,883,857,2,39,11069,15.67,18,20,0,360),(823,44,2,856,884,0,1,31,11070,136,12.5,20,0,250),(824,46,1,856,884,0,1,13,11071,0.93,6,10,0.05,60),(825,20,4,856,884,0,2,64,11072,258.64,33.25,130,0,4322.5),(826,58,2,856,884,0,2,24,11073,24.95,4.5,20,0,90),(827,73,7,857,885,0,2,16,11074,18.44,17.45,14,0.05,244.29999999999998),(828,68,8,857,885,0,2,76,11075,6.19,18,2,0.15,36),(829,9,4,857,885,0,2,19,11076,38.28,9.2,10,0.25,92),(830,65,1,857,885,0,2,77,11077,8.53,13,2,0,26);
/*!40000 ALTER TABLE `fact_ventas` ENABLE KEYS */;
UNLOCK TABLES;
/*!40103 SET TIME_ZONE=@OLD_TIME_ZONE */;

/*!40101 SET SQL_MODE=@OLD_SQL_MODE */;
/*!40014 SET FOREIGN_KEY_CHECKS=@OLD_FOREIGN_KEY_CHECKS */;
/*!40014 SET UNIQUE_CHECKS=@OLD_UNIQUE_CHECKS */;
/*!40101 SET CHARACTER_SET_CLIENT=@OLD_CHARACTER_SET_CLIENT */;
/*!40101 SET CHARACTER_SET_RESULTS=@OLD_CHARACTER_SET_RESULTS */;
/*!40101 SET COLLATION_CONNECTION=@OLD_COLLATION_CONNECTION */;
/*!40111 SET SQL_NOTES=@OLD_SQL_NOTES */;

-- Dump completed on 2018-10-31 17:04:47
